rocketleague,Dignitas, United Kingdom Europe, Europe
rocketleague,Method, Europe, Europe
rocketleague,Cloud9, United States, North America
rocketleague,We Dem Girlz, Europe, Europe
rocketleague,CompLexity Gaming, United States Europe, Europe
rocketleague,G2 Esports, Spain North America, North America
rocketleague,NRG Esports, United States North America, North America
rocketleague,Gale Force eSports, United States, Europe
rocketleague,Dignitas, United Kingdom Europe, Europe
rocketleague,Mock-It Esports, North America, Europe
rocketleague,Chiefs Esports Club, Australia, Oceania
rocketleague,PSG Esports, France Europe, Europe
rocketleague,Evil Geniuses, United States, North America
rocketleague,Renault Vitality, France, Europe
rocketleague,Team Envy, United States Europe, Europe
rocketleague,FlipSid3 Tactics, United States Europe, Europe
rocketleague,Ghost Gaming, United States North America, North America
rocketleague,Mock-It eSports EU, Europe, Europe
rocketleague,Atelier, United States, North America
rocketleague,The Leftovers, Europe, Europe
rocketleague,Northern Gaming, Canada Europe, Europe
rocketleague,Take 3, North America, North America
rocketleague,Selfless Gaming, United States, North America
rocketleague,Genesis, United States, North America
rocketleague,Denial Esports, United States Canada, North America
rocketleague,Savage!, Europe, Europe
rocketleague,Orbit eSports, Sweden United States, North America
rocketleague,iBUYPOWER, United States North America, North America
rocketleague,The Flying Dutchmen, Netherlands, Europe
rocketleague,Fnatic, United Kingdom Europe, Europe
rocketleague,Splyce, United States North America, North America
rocketleague,Precision Z, Europe, Europe
rocketleague,NRG Esports, United States North America, North America
rocketleague,Red Reserve, Europe,
rocketleague,Bread, North America, North America
rocketleague,Rogue, United States, North America
rocketleague,Allegiance, North America, North America
rocketleague,ORDER, Australia, Oceania
rocketleague,Compadres, North America, North America
rocketleague,Momentum, North America, North America
rocketleague,Tainted Minds, Australia, Oceania
rocketleague,SYF Gaming, Australia, Oceania
rocketleague,The Peeps, North America, North America
rocketleague,Team Secret, Europe, Europe
rocketleague,FlyQuest, United States, North America
rocketleague,Sol eSports, North America, North America
rocketleague,Upper 90 eSports, United States North America, North America
