Dota 2 Radiant & Dire Cup 2015,EHOME,1,61929
Dota 2 Radiant & Dire Cup 2015,CDEC Youth,2,30965
Dota 2 Radiant & Dire Cup 2015,Vici Gaming,3,18579
Dota 2 Radiant & Dire Cup 2015,iG Vitality,4,12386
Dota 2 Radiant & Dire Cup 2015,CDEC Gaming,5,7741
Dota 2 Radiant & Dire Cup 2015,LGD Gaming,6,7741
Dota 2 Radiant & Dire Cup 2015,Team FanTuan,7,7741
Dota 2 Radiant & Dire Cup 2015,Newbee Young,8,7741
World Cyber Arena 2015,Alliance,1,370200
World Cyber Arena 2015,LGD Gaming,2,169675
World Cyber Arena 2015,Team Liquid,3,77125
World Cyber Arena 2015,Wings Gaming,4,46275
World Cyber Arena 2015,Team Leviathan,5,0
World Cyber Arena 2015,CDEC Gaming,6,0
World Cyber Arena 2015,Team Empire,7,0
World Cyber Arena 2015,TNC Pro Team,8,0
World Cyber Arena 2015,Team Secret,9,0
World Cyber Arena 2015,Team YP,10,0
World Cyber Arena 2015,Invictus Gaming,11,0
World Cyber Arena 2015,MVP Phoenix,12,0
World Cyber Arena 2015,Fnatic,13,0
World Cyber Arena 2015,Newbee,14,0
World Cyber Arena 2015,Execration,15,0
World Cyber Arena 2015,Digital Chaos,16,0
The Summit 4,Evil Geniuses,1,48818
The Summit 4,Virtus.pro,2,25845
The Summit 4,Vici Gaming,3,14933
The Summit 4,OG,4,11487
The Summit 4,Team Liquid,5,4020
The Summit 4,EHOME,6,4020
The Summit 4,Mineski.Sports5,7,2872
The Summit 4,Digital Chaos,8,2872
Game Show Global eSports Cup Season 1,Team Empire,1,125000
Game Show Global eSports Cup Season 1,4 Clover & Lepricon,2,65000
Game Show Global eSports Cup Season 1,Vega Squadron,3,35000
Game Show Global eSports Cup Season 1,MVP Phoenix,4,25000
Game Show Global eSports Cup Season 1,No Logic Gaming,5,15000
Game Show Global eSports Cup Season 1,compLexity Gaming,6,15000
The Defense Season 5,Team Liquid,1,39293
The Defense Season 5,OG,2,19647
The Defense Season 5,Alliance,3,11788
The Defense Season 5,ALTERNATE aTTaX,4,7859
The Defense Season 5,4 Clover & Lepricon,5,0
The Defense Season 5,Vega Squadron,6,0
The Defense Season 5,Virtus.pro,7,0
The Defense Season 5,Ninjas in Pyjamas,8,0
The Defense Season 5,Power Rangers,9,0
The Defense Season 5,Team Empire,10,0
The Defense Season 5,compLexity Gaming,11,0
The Defense Season 5,ScaryFaceZ,12,0
The Defense Season 5,STARK,13,0
The Defense Season 5,Danish Bears,14,0
The Defense Season 5,Newteam123123,15,0
The Defense Season 5,Monkey Freedom Fighters,16,0
The Defense Season 5,Golden Boys,17,0
The Defense Season 5,Lemondogs,18,0
DreamLeague Season 4,OG,1,55000
DreamLeague Season 4,Team Empire,2,30000
DreamLeague Season 4,4 Clover & Lepricon,3,20000
DreamLeague Season 4,Alliance,4,15000
DreamLeague Season 4,Vega Squadron,5,12000
DreamLeague Season 4,Monkey Freedom Fighters,6,10000
DreamLeague Season 4,No Logic Gaming,7,5000
DreamLeague Season 4,Ninjas in Pyjamas,8,3000
Frankfurt Major 2015,OG,1,1110000
Frankfurt Major 2015,Team Secret,2,405000
Frankfurt Major 2015,Evil Geniuses,3,315000
Frankfurt Major 2015,EHOME,4,255000
Frankfurt Major 2015,CDEC Gaming,5,202500
Frankfurt Major 2015,Vici Gaming,6,202500
Frankfurt Major 2015,Virtus.pro,7,105000
Frankfurt Major 2015,LGD Gaming,8,105000
Frankfurt Major 2015,Alliance,9,45000
Frankfurt Major 2015,Mineski.Sports5,10,45000
Frankfurt Major 2015,Team Unknown,11,45000
Frankfurt Major 2015,Vega Squadron,12,45000
Frankfurt Major 2015,Cloud9,13,30000
Frankfurt Major 2015,Fnatic,14,30000
Frankfurt Major 2015,Newbee,15,30000
Frankfurt Major 2015,Newbee Young,16,30000
Dota 2 Champions League Season 6,Team Liquid,1,25000
Dota 2 Champions League Season 6,Team Empire,2,12500
Dota 2 Champions League Season 6,OG,3,7500
Dota 2 Champions League Season 6,Golden Boys,4,5000
Dota 2 Champions League Season 6,Alliance,5,0
Dota 2 Champions League Season 6,Ninjas in Pyjamas,6,0
Dota 2 Champions League Season 6,CIS Rejects,7,0
Dota 2 Champions League Season 6,HellRaisers,8,0
Dota 2 Champions League Season 6,No Logic Gaming,9,0
Dota 2 Champions League Season 6,4 Clover & Lepricon,10,0
Dota 2 Champions League Season 6,PRIES,11,0
Dota 2 Champions League Season 6,Kaipi,12,0
Dota 2 Champions League Season 6,Fantastic Five,13,0
Dota 2 Champions League Season 6,Natus Vincere,14,0
Dota 2 Champions League Season 6,Monkey Freedom Fighters,15,0
Dota 2 Champions League Season 6,Arcade.PowerRangers,16,0
Nanyang Dota 2 Championships Season 1,Team Secret,1,105688
Nanyang Dota 2 Championships Season 1,Vici Gaming,2,52844
Nanyang Dota 2 Championships Season 1,EHOME,3,26422
Nanyang Dota 2 Championships Season 1,Team Liquid,4,17615
Nanyang Dota 2 Championships Season 1,Virtus.pro,5,8807
Nanyang Dota 2 Championships Season 1,CDEC Gaming,6,8807
Nanyang Dota 2 Championships Season 1,Digital Chaos,7,0
Nanyang Dota 2 Championships Season 1,LGD Gaming,8,0
Nanyang Dota 2 Championships Season 1,Mineski,9,0
Nanyang Dota 2 Championships Season 1,Fnatic,10,0
MLG World Finals 2015,Team Secret,1,113982
MLG World Finals 2015,Evil Geniuses,2,68389
MLG World Finals 2015,(monkey) Business,3,34194
MLG World Finals 2015,CDEC Gaming,4,34194
MLG World Finals 2015,Virtus.pro,5,11398
MLG World Finals 2015,MVP Phoenix,6,11398
MLG World Finals 2015,LGD Gaming,7,5699
MLG World Finals 2015,Cloud9,8,5699
World Cyber Arena 2015 - SEA Pro Qualifiers,MVP Phoenix,1,47280
World Cyber Arena 2015 - SEA Pro Qualifiers,TNC Pro Team,2,23640
World Cyber Arena 2015 - SEA Pro Qualifiers,Fnatic,3,15760
World Cyber Arena 2015 - SEA Pro Qualifiers,Signature.Trust,4,3152
World Cyber Arena 2015 - SEA Pro Qualifiers,Mineski,5,3152
World Cyber Arena 2015 - SEA Pro Qualifiers,Team SatuDuaTiga,6,3152
World Cyber Arena 2015 - SEA Pro Qualifiers,MVP HOT6ix,7,3152
World Cyber Arena 2015 - SEA Pro Qualifiers,4Hate,8,3152
ESL One New York 2015,Vega Squadron,1,114649
ESL One New York 2015,Team Secret,2,57324
ESL One New York 2015,CDEC Gaming,3,28662
ESL One New York 2015,Invictus Gaming,4,28662
ESL One New York 2015,Fnatic,5,14331
ESL One New York 2015,Team Archon,6,14331
ESL One New York 2015,Virtus.pro,7,14331
ESL One New York 2015,Evil Geniuses,8,14331
World Cyber Arena 2015 - European Pro Qualifiers,Team Secret,1,45000
World Cyber Arena 2015 - European Pro Qualifiers,Virtus.pro,2,22500
World Cyber Arena 2015 - European Pro Qualifiers,Ninjas in Pyjamas,3,15000
World Cyber Arena 2015 - European Pro Qualifiers,Alliance,4,3000
World Cyber Arena 2015 - European Pro Qualifiers,Natus Vincere,5,3000
World Cyber Arena 2015 - European Pro Qualifiers,Vega Squadron,6,3000
World Cyber Arena 2015 - European Pro Qualifiers,Team Empire,7,3000
World Cyber Arena 2015 - European Pro Qualifiers,(monkey) Business,8,3000
The International 2015,Evil Geniuses,1,6634661
The International 2015,CDEC Gaming,2,2856590
The International 2015,LGD Gaming,3,2211554
The International 2015,Vici Gaming,4,1566517
The International 2015,EHOME,5,1197925
The International 2015,Virtus.pro,6,1197925
The International 2015,MVP Phoenix,7,829333
The International 2015,Team Secret,8,829333
The International 2015,Team Empire,9,221155
The International 2015,Cloud9,10,221155
The International 2015,compLexity Gaming,11,221155
The International 2015,Invictus Gaming,12,221155
The International 2015,Newbee,13,55289
The International 2015,Natus Vincere,14,55289
The International 2015,Fnatic,15,55289
The International 2015,MVP HOT6ix,16,55289
Dota Pit League Season 3,Evil Geniuses,1,126055
Dota Pit League Season 3,Cloud9,2,57056
Dota Pit League Season 3,Virtus.pro,3,39807
Dota Pit League Season 3,Ninjas in Pyjamas,4,21230
Dota Pit League Season 3,Team Secret,5,10615
Dota Pit League Season 3,HellRaisers,6,10615
Dota Pit League Season 3,mousesports,7,0
Dota Pit League Season 3,Alliance,8,0
Dota Pit League Season 3,Team Empire,9,0
Dota Pit League Season 3,Vega Squadron,10,0
Dota Pit League Season 3,Power Rangers,11,0
Dota Pit League Season 3,mYinsanity,12,0
ESCC 2015,TongFu,1,40299
ESCC 2015,Energy Pacemaker,2,16119
ESCC 2015,Newbee Young,3,8060
ESCC 2015,Victory O Lord,4,0
ESCC 2015,Vici Gaming Potential,5,0
ESCC 2015,Terror Blade !!,6,0
ESCC 2015,Immortal Magneto,7,0
ESCC 2015,Dream Gaming,8,0
World Cyber Arena 2015 - Chinese Pro Qualifiers,LGD Gaming,1,47895
World Cyber Arena 2015 - Chinese Pro Qualifiers,CDEC Gaming,2,23948
World Cyber Arena 2015 - Chinese Pro Qualifiers,Invictus Gaming,3,15965
World Cyber Arena 2015 - Chinese Pro Qualifiers,HyperGloryTeam,4,3193
World Cyber Arena 2015 - Chinese Pro Qualifiers,EHOME,5,3193
World Cyber Arena 2015 - Chinese Pro Qualifiers,Brave Heart,6,3193
World Cyber Arena 2015 - Chinese Pro Qualifiers,Vici Gaming Potential,7,3193
World Cyber Arena 2015 - Chinese Pro Qualifiers,Vici Gaming,8,3193
World Cyber Arena 2015 - Chinese Pro Qualifiers,Dream Gaming,9,3193
World Cyber Arena 2015 - Chinese Pro Qualifiers,Energy Pacemaker,10,3193
World Cyber Arena 2015 - Chinese Pro Qualifiers,Newbee Young,11,3193
World Cyber Arena 2015 - Chinese Pro Qualifiers,TongFu,12,3193
World Cyber Arena 2015 - Chinese Pro Qualifiers,Newbee,13,3193
World Cyber Arena 2015 - Chinese Pro Qualifiers,Newbee.M,14,3193
World Cyber Arena 2015 - Chinese Pro Qualifiers,Terror Blade !!,15,3193
World Cyber Arena 2015 - Chinese Pro Qualifiers,Team DK,16,3193
ESL One Frankfurt 2015,Team Secret,1,118481
ESL One Frankfurt 2015,Evil Geniuses,2,59241
ESL One Frankfurt 2015,Virtus.pro,3,29620
ESL One Frankfurt 2015,Invictus Gaming,4,29620
ESL One Frankfurt 2015,Alliance,5,14810
ESL One Frankfurt 2015,Vici Gaming,6,14810
ESL One Frankfurt 2015,Cloud9,7,14810
ESL One Frankfurt 2015,Fnatic,8,14810
DreamLeague Season 3,Virtus.pro,1,54875
DreamLeague Season 3,Natus Vincere,2,32437
DreamLeague Season 3,Ninjas in Pyjamas,3,19937
DreamLeague Season 3,Alliance,4,12458
DreamLeague Season 3,Burden United,5,9958
DreamLeague Season 3,Basically Unknown,6,9958
DreamLeague Season 3,Vega Squadron,7,5479
DreamLeague Season 3,Team Empire,8,0
joinDOTA MLG Pro League Season 2,Ninjas in Pyjamas,1,66899
joinDOTA MLG Pro League Season 2,Alliance,2,41812
joinDOTA MLG Pro League Season 2,Fnatic,3,25087
joinDOTA MLG Pro League Season 2,London Conspiracy,4,16725
joinDOTA MLG Pro League Season 2,Virtus.pro,5,8362
joinDOTA MLG Pro League Season 2,Evil Geniuses,6,8362
joinDOTA MLG Pro League Season 2,mousesports,7,0
joinDOTA MLG Pro League Season 2,Summer's Rift,8,0
MarsTV Dota 2 League 2015 Spring,Team Secret,1,108817
MarsTV Dota 2 League 2015 Spring,Team Empire,2,48363
MarsTV Dota 2 League 2015 Spring,Cloud9,3,29018
MarsTV Dota 2 League 2015 Spring,Vici Gaming,4,19345
MarsTV Dota 2 League 2015 Spring,CDEC Gaming,5,12091
MarsTV Dota 2 League 2015 Spring,LGD Gaming,6,12091
MarsTV Dota 2 League 2015 Spring,EHOME,7,12091
MarsTV Dota 2 League 2015 Spring,Invictus Gaming,8,12091
MarsTV Dota 2 League 2015 Spring,Newbee,9,0
MarsTV Dota 2 League 2015 Spring,Natus Vincere,10,0
World Cyber Arena 2015 - American Pro Qualifiers,Summer's Rift,1,50000
World Cyber Arena 2015 - American Pro Qualifiers,Not Today,2,20000
World Cyber Arena 2015 - American Pro Qualifiers,NA Rejects,3,10000
World Cyber Arena 2015 - American Pro Qualifiers,ROOT Gaming,4,10000
World Cyber Arena 2015 - American Pro Qualifiers,Wheel Whreck,5,0
World Cyber Arena 2015 - American Pro Qualifiers,Team Leviathan,6,0
World Cyber Arena 2015 - American Pro Qualifiers,Team eHug,7,0
World Cyber Arena 2015 - American Pro Qualifiers,Void Boys,8,0
Esportal Dota 2 League,Virtus.pro,1,32000
Esportal Dota 2 League,Team Empire,2,16000
Esportal Dota 2 League,Vega Squadron,3,4800
Esportal Dota 2 League,4 Anchors + SC,4,4800
Esportal Dota 2 League,4 Clover & Lepricon,5,1600
Esportal Dota 2 League,mYinsanity,6,1600
Esportal Dota 2 League,Power Rangers,7,1600
Esportal Dota 2 League,HellRaisers,8,1600
i-League Season 3,LGD Gaming,1,213360
i-League Season 3,Vici Gaming,2,85344
i-League Season 3,Team Malaysia,3,55474
i-League Season 3,Newbee,4,29870
i-League Season 3,Alliance,5,14935
i-League Season 3,Invictus Gaming,6,14935
i-League Season 3,Vici Gaming Potential,7,6401
i-League Season 3,Energy Pacemaker,8,6401
The Summit 3,Team Secret,1,115466
The Summit 3,Evil Geniuses,2,61129
The Summit 3,Vici Gaming,3,35319
The Summit 3,LGD Gaming,4,27169
The Summit 3,Cloud9,5,9509
The Summit 3,Invictus Gaming,6,9509
The Summit 3,Rave,7,6792
The Summit 3,Not Today,8,6792
Dota 2 Champions League Season 5,Team Empire,1,39752
Dota 2 Champions League Season 5,Vici Gaming,2,19876
Dota 2 Champions League Season 5,Burden United,3,11926
Dota 2 Champions League Season 5,Ninjas in Pyjamas,4,7950
MPGL SEA Season 7,MVP HOT6ix,1,30000
MPGL SEA Season 7,Energy Pacemaker,2,10000
MPGL SEA Season 7,Mineski,3,7000
MPGL SEA Season 7,G Guard Esports,4,3000
MPGL SEA Season 7,Signature.Trust,5,0
MPGL SEA Season 7,TNC Pro Team,6,0
MPGL SEA Season 7,Rex Regum QEON,7,0
MPGL SEA Season 7,5eva,8,0
MPGL SEA Season 7,Ice,9,0
MPGL SEA Season 7,iDeal eSports,10,0
MPGL SEA Season 7,Underminer,11,0
MPGL SEA Season 7,United We Stand,12,0
Red Bull Battle Grounds 2015 Dota 2,Team Secret,1,33556
Red Bull Battle Grounds 2015 Dota 2,Invictus Gaming,2,20234
Red Bull Battle Grounds 2015 Dota 2,Team Malaysia,3,5694
Red Bull Battle Grounds 2015 Dota 2,HellRaisers,4,3796
StarLadder StarSeries Season 12,Vici Gaming,1,67500
StarLadder StarSeries Season 12,Invictus Gaming,2,30000
StarLadder StarSeries Season 12,Cloud9,3,21000
StarLadder StarSeries Season 12,Team Tinker,4,12000
StarLadder StarSeries Season 12,Team Malaysia,5,6000
StarLadder StarSeries Season 12,Alliance,6,6000
StarLadder StarSeries Season 12,Team Secret,7,3750
StarLadder StarSeries Season 12,London Conspiracy,8,3750
joinDOTA MLG Pro League Season 1,Team Empire,1,34584
joinDOTA MLG Pro League Season 1,Evil Geniuses,2,21615
joinDOTA MLG Pro League Season 1,Ninjas in Pyjamas,3,12969
joinDOTA MLG Pro League Season 1,MVP Phoenix,4,8646
joinDOTA MLG Pro League Season 1,Balkan Bears,5,4323
joinDOTA MLG Pro League Season 1,Not Today,6,4323
Major All Stars Dota 2 Tournament,Invictus Gaming,1,50391
Major All Stars Dota 2 Tournament,Team Empire,2,16797
Major All Stars Dota 2 Tournament,Ninjas in Pyjamas,3,11198
Major All Stars Dota 2 Tournament,Natus Vincere,4,11198
Major All Stars Dota 2 Tournament,Invasion e-Sports,5,6719
Major All Stars Dota 2 Tournament,Team Redemption,6,6719
Major All Stars Dota 2 Tournament,Can't Say Wips,7,4479
Major All Stars Dota 2 Tournament,Rave,8,4479
DAC 2015,Evil Geniuses,1,1284158
DAC 2015,Vici Gaming,2,366902
DAC 2015,Team Secret,3,275177
DAC 2015,Big God,4,214026
DAC 2015,Cloud9,5,152876
DAC 2015,Rave,6,152876
DAC 2015,HyperGloryTeam,7,122301
DAC 2015,Invictus Gaming,8,122301
DAC 2015,EHOME,9,45863
DAC 2015,Natus Vincere,10,45863
DAC 2015,HellRaisers,11,45863
DAC 2015,LGD Gaming,12,45863
DAC 2015,TongFu.WanZhou,13,30575
DAC 2015,CDEC Gaming,14,30575
DAC 2015,Newbee,15,30575
DAC 2015,MVP Phoenix,16,30575
DAC 2015,Wings Gaming,17,15288
DAC 2015,Energy Pacemaker,18,15288
DAC 2015,Speed Gaming.cn,19,15288
DAC 2015,Power Rangers,20,15288
StarLadder StarSeries Season 11,Team Empire,1,38934
StarLadder StarSeries Season 11,Virtus.pro Polar,2,17304
StarLadder StarSeries Season 11,Ninjas in Pyjamas,3,12113
StarLadder StarSeries Season 11,MVP Phoenix,4,6922
StarLadder StarSeries Season 11,Team FIRE,5,3461
StarLadder StarSeries Season 11,Natus Vincere,6,3461
StarLadder StarSeries Season 11,HellRaisers,7,2163
StarLadder StarSeries Season 11,Power Rangers,8,2163
Dota 2 League Season 5,LV Gaming,1,26679
Dota 2 League Season 5,Virtus.pro Polar,2,16260
Dota 2 League Season 5,Evil Geniuses,3,8550
Dota 2 League Season 5,CDEC Gaming,4,3550
i-League Season 2,LGD Gaming,1,64630
i-League Season 2,HyperGloryTeam,2,25852
i-League Season 2,Vici Gaming,3,16804
i-League Season 2,MVP Phoenix,4,8402
i-League Season 2,Big God,5,4201
i-League Season 2,Invictus Gaming,6,4201
i-League Season 2,Ninjas in Pyjamas,7,1939
i-League Season 2,Speed Gaming.cn,8,1939
Dota2 Professional League Season 2,Newbee,1,238000
Dota2 Professional League Season 2,iG Vitality,2,105000
Dota2 Professional League Season 2,LGD Gaming,3,70000
Dota2 Professional League Season 2,Invictus Gaming,4,56000
Dota2 Professional League Season 2,LGD.Forever Young,5,49000
Dota2 Professional League Season 2,CDEC Gaming,6,42000
Dota2 Professional League Season 2,Vici Gaming,7,35000
Dota2 Professional League Season 2,FTD club C,8,35000
Dota2 Professional League Season 2,EHOME,9,35000
Dota2 Professional League Season 2,Wings Gaming,10,35000
China Top 2016,Evil Geniuses,1,114952
China Top 2016,Newbee,2,57476
China Top 2016,Digital Chaos,3,28738
China Top 2016,Wings Gaming,4,28738
World Cyber Arena 2016,iG Vitality,1,344928
World Cyber Arena 2016,Vici Gaming,2,143720
World Cyber Arena 2016,We Are Young,3,71860
World Cyber Arena 2016,Prodota Gaming,4,28744
World Cyber Arena 2016,VINCE TE IPSUM,5,0
World Cyber Arena 2016,Vega Squadron,6,0
World Cyber Arena 2016,Newbee,7,0
World Cyber Arena 2016,WarriorsGaming.Unity,8,0
World Cyber Arena 2016,TNC Pro Team,9,0
World Cyber Arena 2016,Union Gaming BO,10,0
The Boston Major 2016,OG,1,1000000
The Boston Major 2016,Ad Finem,2,500000
The Boston Major 2016,Evil Geniuses,3,250000
The Boston Major 2016,Digital Chaos,4,250000
The Boston Major 2016,Virtus.pro,5,125000
The Boston Major 2016,WarriorsGaming.Unity,6,125000
The Boston Major 2016,Team NP,7,125000
The Boston Major 2016,LGD.Forever Young,8,125000
The Boston Major 2016,iG Vitality,9,62500
The Boston Major 2016,Wings Gaming,10,62500
The Boston Major 2016,compLexity Gaming,11,62500
The Boston Major 2016,MVP Phoenix,12,62500
The Boston Major 2016,Team Faceless,13,62500
The Boston Major 2016,EHOME,14,62500
The Boston Major 2016,Newbee,15,62500
The Boston Major 2016,LGD Gaming,16,62500
DreamLeague Season 6,Team Liquid,1,90000
DreamLeague Season 6,Escape Gaming,2,45000
DreamLeague Season 6,Alliance,3,30000
DreamLeague Season 6,The Imperial,4,20000
The Summit 6,Virtus.pro,1,42500
The Summit 6,OG,2,22500
The Summit 6,Evil Geniuses,3,13000
The Summit 6,Wings Gaming,4,10000
The Summit 6,Team NP,5,3500
The Summit 6,Digital Chaos,6,3500
The Summit 6,EHOME,7,2500
The Summit 6,Team Faceless,8,2500
ROG MASTERS 2016,Team Secret,1,71250
ROG MASTERS 2016,Execration,2,33750
ROG MASTERS 2016,EHOME.X,3,15000
ROG MASTERS 2016,Mineski,4,15000
ROG MASTERS 2016,Fnatic,5,3750
ROG MASTERS 2016,Entity Gaming,6,3750
ROG MASTERS 2016,Big and Black,7,3750
ROG MASTERS 2016,Natural 9,8,3750
ROG MASTERS 2016,MOL,9,0
ROG MASTERS 2016,MAX.X,10,0
ROG MASTERS 2016,The Mongolz,11,0
ROG MASTERS 2016,Aggressive 5,12,0
Northern Arena BEAT Invitational,Wings Gaming,1,48000
Northern Arena BEAT Invitational,Team NP,2,20000
Northern Arena BEAT Invitational,EHOME,3,12000
Northern Arena BEAT Invitational,Evil Geniuses,4,8000
Northern Arena BEAT Invitational,Ad Finem,5,4000
Northern Arena BEAT Invitational,Alliance,6,4000
Northern Arena BEAT Invitational,FDL,7,2000
Northern Arena BEAT Invitational,compLexity Gaming,8,2000
WESG 2016 Asia Pacific Finals,To.be.or.not.to.be,1,29340
WESG 2016 Asia Pacific Finals,NoLifer5.Reborn,2,17604
WESG 2016 Asia Pacific Finals,s1 Lykos,3,8802
WESG 2016 Asia Pacific Finals,Signature.Trust,4,5868
WESG 2016 Asia Pacific Finals,MAX.Y,5,2934
WESG 2016 Asia Pacific Finals,TNC Pro Team,6,2934
WESG 2016 Asia Pacific Finals,MVP Aegis,7,2934
WESG 2016 Asia Pacific Finals,MVP Phoenix,8,2934
WESG 2016 Asia Pacific Finals,Slayers,9,0
WESG 2016 Asia Pacific Finals,Da Teletubbies,10,0
WESG 2016 Asia Pacific Finals,90s Gaming,11,0
WESG 2016 Asia Pacific Finals,Power Gaming,12,0
WESG 2016 Asia Pacific Finals,DeToNator,13,0
WESG 2016 Asia Pacific Finals,iClen,14,0
WESG 2016 Asia Pacific Finals,Team Nation,15,0
WESG 2016 Asia Pacific Finals,Next Generation,16,0
WESG 2016 Americas Finals,Infamous,1,30000
WESG 2016 Americas Finals,Kingao+4,2,18000
WESG 2016 Americas Finals,Team DileCom,3,9000
WESG 2016 Americas Finals,T Show,4,6000
WESG 2016 Americas Finals,Vultur,5,3000
WESG 2016 Americas Finals,Team One Ecuador,6,3000
WESG 2016 Americas Finals,Rebirth eSports,7,3000
WESG 2016 Americas Finals,Learn2Gank,8,3000
World Cyber Arena 2016 Chinese Qualifiers S1,Wings Gaming,1,30550
World Cyber Arena 2016 Chinese Qualifiers S1,Vici Gaming Reborn,2,15275
World Cyber Arena 2016 Chinese Qualifiers S1,TongFu,3,7638
World Cyber Arena 2016 Chinese Qualifiers S1,CDEC Youth,4,1528
World Cyber Arena 2016 Chinese Qualifiers S1,For The Dream,5,1528
World Cyber Arena 2016 Chinese Qualifiers S1,Newbee,6,1528
World Cyber Arena 2016 Chinese Qualifiers S1,Insane Buster,7,1528
World Cyber Arena 2016 Chinese Qualifiers S1,Invictus Gaming,8,1528
World Cyber Arena 2016 Chinese Qualifiers S2,iG Vitality,1,29978
World Cyber Arena 2016 Chinese Qualifiers S2,Newbee,2,14989
World Cyber Arena 2016 Chinese Qualifiers S2,CDEC Youth,3,7495
World Cyber Arena 2016 Chinese Qualifiers S2,TongFu,4,1499
World Cyber Arena 2016 Chinese Qualifiers S2,LGD Gaming,5,1499
World Cyber Arena 2016 Chinese Qualifiers S2,Vici Gaming Reborn,6,1499
World Cyber Arena 2016 Chinese Qualifiers S2,FTD club C,7,1499
World Cyber Arena 2016 Chinese Qualifiers S2,Vici Gaming,8,1499
World Cyber Arena 2016 Chinese Qualifiers S3,Newbee,1,29360
World Cyber Arena 2016 Chinese Qualifiers S3,LGD Gaming,2,14680
World Cyber Arena 2016 Chinese Qualifiers S3,EHOME,3,7340
World Cyber Arena 2016 Chinese Qualifiers S3,Team VGJ,4,1468
World Cyber Arena 2016 Chinese Qualifiers S3,EHOME.Keen,5,1468
World Cyber Arena 2016 Chinese Qualifiers S3,Invictus Gaming,6,1468
World Cyber Arena 2016 Chinese Qualifiers S3,TongFu,7,1468
World Cyber Arena 2016 Chinese Qualifiers S3,LGD.Forever Young,8,1468
Nanyang Dota 2 Championships Season 2,Newbee,1,100610
Nanyang Dota 2 Championships Season 2,Wings Gaming,2,50305
Nanyang Dota 2 Championships Season 2,LGD Gaming,3,25152
Nanyang Dota 2 Championships Season 2,CDEC Youth,4,10102
Nanyang Dota 2 Championships Season 2,Digital Chaos,5,7551
Nanyang Dota 2 Championships Season 2,Vici Gaming Reborn,6,7551
Nanyang Dota 2 Championships Season 2,Team Empire,7,0
Nanyang Dota 2 Championships Season 2,WarriorsGaming.Unity,8,0
Nanyang Dota 2 Championships - Cruise Cup #1,Wings Gaming,1,22290
Nanyang Dota 2 Championships - Cruise Cup #1,Newbee,2,11888
Nanyang Dota 2 Championships - Cruise Cup #1,Invictus Gaming,3,7430
Nanyang Dota 2 Championships - Cruise Cup #1,iG Vitality,4,2972
WESG 2016 Europe & CIS Finals,The Imperial,1,29970
WESG 2016 Europe & CIS Finals,Horde,2,17982
WESG 2016 Europe & CIS Finals,Alliance,3,8991
WESG 2016 Europe & CIS Finals,Ukraine,4,5994
WESG 2016 Europe & CIS Finals,Comanche,5,2997
WESG 2016 Europe & CIS Finals,Romania,6,2997
WESG 2016 Europe & CIS Finals,Fantastic Five,7,2997
WESG 2016 Europe & CIS Finals,Ne Rus–¨,8,2997
WESG 2016 Europe & CIS Finals,Denmark,9,0
WESG 2016 Europe & CIS Finals,woof,10,0
WESG 2016 Europe & CIS Finals,Wombat Gaming,11,0
WESG 2016 Europe & CIS Finals,Que La Famille,12,0
WESG 2016 Europe & CIS Finals,NecroRaisers,13,0
WESG 2016 Europe & CIS Finals,LVLUP,14,0
WESG 2016 Europe & CIS Finals,Zero Hoots Given,15,0
WESG 2016 Europe & CIS Finals,ALTERNATE aTTaX,16,0
WESG 2016 Europe & CIS Finals,Zeta Pegasi,17,0
WESG 2016 Europe & CIS Finals,XENEX Gaming,18,0
WESG 2016 Europe & CIS Finals,Paragon eSports,19,0
WESG 2016 Europe & CIS Finals,Butterfly Effect,20,0
Shanghai Dota 2 Open #2,Newbee,1,29966
Shanghai Dota 2 Open #2,CDEC Gaming,2,14983
Shanghai Dota 2 Open #2,EHOME,3,8990
Shanghai Dota 2 Open #2,LGD.Forever Young,4,5993
Shanghai Dota 2 Open #2,EHOME.Keen,5,4495
Shanghai Dota 2 Open #2,Vici Gaming,6,4495
Shanghai Dota 2 Open #2,Brave Heart,7,4495
Shanghai Dota 2 Open #2,iG Vitality,8,4495
Shanghai Dota 2 Open #2,Team VGJ,9,0
Shanghai Dota 2 Open #2,Invictus Gaming,10,0
Shanghai Dota 2 Open #2,Newbee Young,11,0
Shanghai Dota 2 Open #2,DUOBAO,12,0
Shanghai Dota 2 Open #2,Longwan,13,0
Shanghai Dota 2 Open #2,EHOME.X,14,0
Shanghai Dota 2 Open #2,Execration,15,0
Shanghai Dota 2 Open #2,We Are Young,16,0
Shanghai Dota 2 Open #2,EHOME.Luminous,17,0
Shanghai Dota 2 Open #2,TongFu,18,0
Shanghai Dota 2 Open #2,Rock,19,0
Shanghai Dota 2 Open #2,MAX.X,20,0
Mars Dota 2 League 2016 Autumn,Evil Geniuses,1,112500
Mars Dota 2 League 2016 Autumn,Newbee,2,50000
Mars Dota 2 League 2016 Autumn,OG,3,31250
Mars Dota 2 League 2016 Autumn,Team Secret,4,18750
Mars Dota 2 League 2016 Autumn,Vici Gaming,5,12500
Mars Dota 2 League 2016 Autumn,LGD.Forever Young,6,12500
Mars Dota 2 League 2016 Autumn,MVP Phoenix,7,6250
Mars Dota 2 League 2016 Autumn,iG Vitality,8,6250
MPGL Southeast Asian Championship,Execration,1,30000
MPGL Southeast Asian Championship,MVP Phoenix,2,10000
MPGL Southeast Asian Championship,Mineski,3,3000
MPGL Southeast Asian Championship,Fnatic,4,1600
MPGL Southeast Asian Championship,Power Gaming,5,1200
MPGL Southeast Asian Championship,WarriorsGaming.Unity,6,1200
MPGL Southeast Asian Championship,Tangerine,7,1000
MPGL Southeast Asian Championship,Signature.Trust,8,1000
MPGL Southeast Asian Championship,White Fries Gaming,9,500
MPGL Southeast Asian Championship,EHOME.Keen,10,500
World Cyber Arena 2016 EU Main Qualifier,Kaipi,1,27140
World Cyber Arena 2016 EU Main Qualifier,Vega Squadron,2,13570
World Cyber Arena 2016 EU Main Qualifier,Escape Gaming,3,6785
World Cyber Arena 2016 EU Main Qualifier,Team Empire,4,1357
World Cyber Arena 2016 EU Main Qualifier,Fantastic Five,5,1357
World Cyber Arena 2016 EU Main Qualifier,Alliance,6,1357
World Cyber Arena 2016 EU Main Qualifier,Ad Finem,7,1357
World Cyber Arena 2016 EU Main Qualifier,Elements One,8,1357
WESG 2016 Middle East & Africa Finals,Aboshamalah,1,29965
WESG 2016 Middle East & Africa Finals,Dark Passage,2,17979
WESG 2016 Middle East & Africa Finals,Bravado Gaming,3,8989
WESG 2016 Middle East & Africa Finals,Slice N' Dice,4,5993
WESG 2016 Middle East & Africa Finals,White Rabbit Gaming,5,2996
WESG 2016 Middle East & Africa Finals,Psuedo Gaming,6,2996
WESG 2016 Middle East & Africa Finals,KnownFor,7,2996
WESG 2016 Middle East & Africa Finals,PUB PLAYERS,8,2996
The International 2016,Wings Gaming,1,9139002
The International 2016,Digital Chaos,2,3427126
The International 2016,Evil Geniuses,3,2180898
The International 2016,Fnatic,4,1453932
The International 2016,EHOME,5,934761
The International 2016,MVP Phoenix,6,934761
The International 2016,TNC Pro Team,7,519262
The International 2016,Team Liquid,8,519262
The International 2016,OG,9,311557
The International 2016,LGD Gaming,10,311557
The International 2016,Alliance,11,311557
The International 2016,Newbee,12,311557
The International 2016,Vici Gaming Reborn,13,103852
The International 2016,Team Secret,14,103852
The International 2016,Escape Gaming,15,103852
The International 2016,Natus Vincere,16,103852
Global Grand Masters,Team Empire,1,25000
Global Grand Masters,Vega Squadron,2,12500
Global Grand Masters,Alliance,3,7500
Global Grand Masters,Power Rangers,4,5000
Global Grand Masters,Escape Gaming,5,0
Global Grand Masters,Ad Finem,6,0
Global Grand Masters,Team Liquid,7,0
Global Grand Masters,Flipsid3 Tactics,8,0
Pro Gamer League 2016,MVP Phoenix,1,50000
Pro Gamer League 2016,CDEC Gaming,2,30000
Pro Gamer League 2016,iG Vitality,3,20000
Pro Gamer League 2016,EHOME.Keen,4,0
Pro Gamer League 2016,TongFu,5,0
Pro Gamer League 2016,Brave Heart,6,0
Pro Gamer League 2016,CDEC Avenger,7,0
Pro Gamer League 2016,Mineski.Sports5,8,0
StarLadder i-League StarSeries Season 2,Natus Vincere,1,135000
StarLadder i-League StarSeries Season 2,Team Secret,2,60000
StarLadder i-League StarSeries Season 2,Fnatic,3,37500
StarLadder i-League StarSeries Season 2,F.R.I.E.N.D.S.,4,22500
StarLadder i-League StarSeries Season 2,Digital Chaos,5,15000
StarLadder i-League StarSeries Season 2,Evil Geniuses,6,15000
StarLadder i-League StarSeries Season 2,CDEC Youth,7,7500
StarLadder i-League StarSeries Season 2,compLexity Gaming,8,7500
The Summit 5,Wings Gaming,1,42944
The Summit 5,OG,2,22735
The Summit 5,Team Liquid,3,13136
The Summit 5,Natus Vincere,4,10104
The Summit 5,Digital Chaos,5,3537
The Summit 5,Fnatic,6,3537
The Summit 5,FDL,7,2526
The Summit 5,Ad Finem,8,2526
Dota2 Professional League Season 1,LGD Gaming,1,14000
Dota2 Professional League Season 1,Newbee,2,14000
Dota2 Professional League Season 1,Vici Gaming Reborn,3,14000
Dota2 Professional League Season 1,Wings Gaming,4,14000
Dota2 Professional League Season 1,iG Vitality,5,14000
Dota2 Professional League Season 1,FTD club C,6,14000
Dota2 Professional League Season 1,CDEC Gaming,7,14000
Dota2 Professional League Season 1,Invictus Gaming,8,14000
Dota2 Professional League Season 1,EHOME,9,14000
Dota2 Professional League Season 1,CDEC Youth,10,14000
Dota2 Professional League Season 1,Vici Gaming,11,5000
Dota2 Professional League Season 1,TongFu,12,5000
Dota2 Professional League Season 1,Newbee Young,13,5000
Dota2 Professional League Season 1,EHOME.Keen,14,5000
Dota2 Professional League Season 1,CDEC Avenger,15,5000
Dota2 Professional League Season 1,Brave Heart,16,5000
Dota2 Professional League Season 1,We Are Young,17,5000
Dota2 Professional League Season 1,For The Dream,18,5000
Dota2 Professional League Season 1,DUOBAO,19,5000
Dota2 Professional League Season 1,EHOME.Luminous,20,5000
Dota2 Professional League Season 1,Avalon Club,21,5000
Dota2 Professional League Season 1,Thunderobot Gaming,22,5000
G-League 2016,TongFu,1,37410
G-League 2016,Invictus Gaming,2,14964
G-League 2016,Newbee Young,3,2993
G-League 2016,CDEC Avenger,4,2993
G-League 2016,CDEC Gaming,5,0
G-League 2016,To.be.or.not.to.be,6,0
G-League 2016,Wings Gaming,7,0
G-League 2016,iG Vitality,8,0
G-League 2016,DUOBAO,9,0
G-League 2016,FTD club C,10,0
G-League 2016,EHOME,11,0
G-League 2016,G.star,12,0
G-League 2016,Vici Gaming,13,0
G-League 2016,For The Dream,14,0
G-League 2016,CDEC Youth,15,0
National Electronic Arena 2016,Invictus Gaming,1,120216
National Electronic Arena 2016,Newbee,2,37568
National Electronic Arena 2016,CDEC Gaming,3,22541
National Electronic Arena 2016,Newbee Young,4,15027
ESL One Frankfurt 2016,OG,1,157273
ESL One Frankfurt 2016,Natus Vincere,2,62909
ESL One Frankfurt 2016,Vega Squadron,3,28309
ESL One Frankfurt 2016,Team Liquid,4,28309
ESL One Frankfurt 2016,compLexity Gaming,5,12582
ESL One Frankfurt 2016,Alliance,6,12582
ESL One Frankfurt 2016,Virtus.pro,7,6291
ESL One Frankfurt 2016,Fnatic,8,6291
The Manila Major 2016,OG,1,1110000
The Manila Major 2016,Team Liquid,2,405000
The Manila Major 2016,Newbee,3,315000
The Manila Major 2016,LGD Gaming,4,255000
The Manila Major 2016,Fnatic,5,202500
The Manila Major 2016,MVP Phoenix,6,202500
The Manila Major 2016,Natus Vincere,7,105000
The Manila Major 2016,Vici Gaming Reborn,8,105000
The Manila Major 2016,compLexity Gaming,9,45000
The Manila Major 2016,Alliance,10,45000
The Manila Major 2016,Digital Chaos,11,45000
The Manila Major 2016,Team Empire,12,45000
The Manila Major 2016,Wings Gaming,13,30000
The Manila Major 2016,Mineski.Sports5,14,30000
The Manila Major 2016,Evil Geniuses,15,30000
The Manila Major 2016,Team Secret,16,30000
Asean Games 2016,Signature.Trust,1,43089.31
Asean Games 2016,Orange.Taring,2,23047.77
Asean Games 2016,Mineski,3,13027
Asean Games 2016,InfinityVN,4,7014.54
Asean Games 2016,Bracerking,5,3507.27
Asean Games 2016,Intelligence Quotient,6,3507.27
Asean Games 2016,Power Gaming,7,3507.27
Asean Games 2016,Rex Regum QEON,8,3507.27
DreamLeague Season 5 League Play,Natus Vincere,1,11000
DreamLeague Season 5 League Play,No Diggity,2,8000
DreamLeague Season 5 League Play,Virtus.pro,3,8000
DreamLeague Season 5 League Play,Vega Squadron,4,8000
DreamLeague Season 5 League Play,Ad Finem,5,7000
DreamLeague Season 5 League Play,Team Empire,6,7000
DreamLeague Season 5 League Play,Team Spirit,7,5000
DreamLeague Season 5 League Play,London Conspiracy,8,2000
DreamLeague Season 5,OG,1,50000
DreamLeague Season 5,Natus Vincere,2,25000
DreamLeague Season 5,Virtus.pro,3,15000
DreamLeague Season 5,No Diggity,4,10000
World Cyber Arena 2016 SEA Qualifiers,WarriorsGaming.Unity,1,30554
World Cyber Arena 2016 SEA Qualifiers,TNC Pro Team,2,15277
World Cyber Arena 2016 SEA Qualifiers,MVP Phoenix,3,7639
World Cyber Arena 2016 SEA Qualifiers,Signature.Trust,4,1528
World Cyber Arena 2016 SEA Qualifiers,Execration,5,1528
World Cyber Arena 2016 SEA Qualifiers,The Mongolz,6,1528
World Cyber Arena 2016 SEA Qualifiers,Mineski.Sports5,7,1528
World Cyber Arena 2016 SEA Qualifiers,Orange.Taring,8,1528
EPICENTER 2016,Team Liquid,1,250000
EPICENTER 2016,Newbee,2,100000
EPICENTER 2016,OG,3,60000
EPICENTER 2016,compLexity Gaming,4,30000
EPICENTER 2016,Alliance,5,20000
EPICENTER 2016,Evil Geniuses,6,20000
EPICENTER 2016,Team Secret,7,10000
EPICENTER 2016,Virtus.pro,8,10000
WePlay Dota2 League Season 3,MVP Phoenix,1,104120
WePlay Dota2 League Season 3,Vega Squadron,2,41648
WePlay Dota2 League Season 3,Evil Geniuses,3,22906
WePlay Dota2 League Season 3,Team Empire,4,12494
WePlay Dota2 League Season 3,Elite Wolves,5,8330
WePlay Dota2 League Season 3,Natus Vincere,6,8330
WePlay Dota2 League Season 3,Ad Finem,7,5206
WePlay Dota2 League Season 3,Team Spirit,8,5206
ESL One Manila 2016,Wings Gaming,1,100000
ESL One Manila 2016,Team Liquid,2,50000
ESL One Manila 2016,Team Empire,3,25000
ESL One Manila 2016,Fnatic,4,25000
ESL One Manila 2016,Team Secret,5,12500
ESL One Manila 2016,compLexity Gaming,6,12500
ESL One Manila 2016,Mineski.Sports5,7,12500
ESL One Manila 2016,EHOME,8,12500
StarLadder i-League Invitational Season 1,Vici Gaming Reborn,1,45000
StarLadder i-League Invitational Season 1,Natus Vincere,2,20000
StarLadder i-League Invitational Season 1,LGD Gaming,3,12000
StarLadder i-League Invitational Season 1,OG,4,7500
StarLadder i-League Invitational Season 1,Alliance,5,5000
StarLadder i-League Invitational Season 1,Virtus.pro,6,5000
StarLadder i-League Invitational Season 1,MVP Phoenix,7,2500
StarLadder i-League Invitational Season 1,Vega Squadron,8,2500
Dota Pit League Season 4,MVP Phoenix,1,97637
Dota Pit League Season 4,Evil Geniuses,2,46866
Dota Pit League Season 4,compLexity Gaming,3,25386
Dota Pit League Season 4,Natus Vincere,4,25386
Dota Pit League Season 4,Virtus.pro,5,0
Dota Pit League Season 4,OG,6,0
Dota Pit League Season 4,Team Secret,7,0
Dota Pit League Season 4,Team Empire,8,0
The Shanghai Major 2016,Team Secret,1,1110000
The Shanghai Major 2016,Team Liquid,2,405000
The Shanghai Major 2016,Evil Geniuses,3,315000
The Shanghai Major 2016,MVP Phoenix,4,255000
The Shanghai Major 2016,compLexity Gaming,5,202500
The Shanghai Major 2016,Fnatic,6,202500
The Shanghai Major 2016,Alliance,7,105000
The Shanghai Major 2016,OG,8,105000
The Shanghai Major 2016,EHOME,9,45000
The Shanghai Major 2016,LGD Gaming,10,45000
The Shanghai Major 2016,Virtus.pro,11,45000
The Shanghai Major 2016,Newbee,12,45000
The Shanghai Major 2016,Team Archon,13,30000
The Shanghai Major 2016,Team Spirit,14,30000
The Shanghai Major 2016,Vici Gaming,15,30000
The Shanghai Major 2016,CDEC Gaming,16,30000
Captains Draft 3.0,Evil Geniuses,1,43454
Captains Draft 3.0,Vega Squadron,2,28555
Captains Draft 3.0,Alliance,3,18623
Captains Draft 3.0,Mamas Boys,4,12415
Captains Draft 3.0,Team Liquid,5,6208
Captains Draft 3.0,Team Empire,6,6208
Captains Draft 3.0,Digital Chaos,7,4345
Captains Draft 3.0,Virtus.pro,8,4345
MarsTV Dota 2 League 2015 Winter,EHOME,1,124950
MarsTV Dota 2 League 2015 Winter,Evil Geniuses,2,55533
MarsTV Dota 2 League 2015 Winter,OG,3,27766
MarsTV Dota 2 League 2015 Winter,LGD Gaming,4,22213
MarsTV Dota 2 League 2015 Winter,Newbee,5,13883
MarsTV Dota 2 League 2015 Winter,Vici Gaming,6,13883
MarsTV Dota 2 League 2015 Winter,Team Secret,7,6941
MarsTV Dota 2 League 2015 Winter,compLexity Gaming,8,6941
MarsTV Dota 2 League 2015 Winter,Team Spirit,9,2776
MarsTV Dota 2 League 2015 Winter,Mineski.Sports5,10,2776
StarLadder i-League StarSeries Season 1,Alliance,1,120891
StarLadder i-League StarSeries Season 1,Evil Geniuses,2,60445
StarLadder i-League StarSeries Season 1,LGD Gaming,3,30223
StarLadder i-League StarSeries Season 1,Team Liquid,4,30223
StarLadder i-League StarSeries Season 1,Vega Squadron,5,15111
StarLadder i-League StarSeries Season 1,Team Secret,6,15111
StarLadder i-League StarSeries Season 1,Fnatic,7,5047
StarLadder i-League StarSeries Season 1,Virtus.pro,8,5047
StarLadder i-League StarSeries Season 1,Natus Vincere,9,5047
StarLadder i-League StarSeries Season 1,Wings Gaming,10,5047
StarLadder i-League StarSeries Season 1,Team Spirit,11,5047
StarLadder i-League StarSeries Season 1,compLexity Gaming,12,5047
Shanghai Dota 2 Open #1,EHOME,1,30736
Shanghai Dota 2 Open #1,Newbee,2,15368
Shanghai Dota 2 Open #1,Newbee Young,3,7684
Shanghai Dota 2 Open #1,Vici Gaming,4,7684
Shanghai Dota 2 Open #1,CDEC Gaming,5,0
Shanghai Dota 2 Open #1,Invictus Gaming,6,0
Shanghai Dota 2 Open #1,LGD Gaming,7,0
Shanghai Dota 2 Open #1,iG Vitality,8,0
The Summit 8,Virtus.pro,1,120000
The Summit 8,Fnatic,2,60000
The Summit 8,OG,3,36000
The Summit 8,Team Kinguin,4,36000
The Summit 8,compLexity Gaming,5,18000
The Summit 8,OpTic Gaming,6,9000
The Summit 8,Evil Geniuses,7,9000
The Summit 8,Sacred,8,6000
The Summit 8,LGD Gaming,9,6000
MDL Macau,OG,1,130000
MDL Macau,TNC Pro Team,2,65000
MDL Macau,Natus Vincere,3,30000
MDL Macau,Virtus.pro,4,30000
MDL Macau,EHOME,5,9000
MDL Macau,LGD.Forever Young,6,9000
MDL Macau,Infamous,7,9000
MDL Macau,LGD Gaming,8,9000
MDL Macau,VGJ.Storm,9,9000
ROG MASTERS 2017,Team Empire,1,117500
ROG MASTERS 2017,OpTic Gaming,2,58800
ROG MASTERS 2017,PENTA Sports,3,21350
ROG MASTERS 2017,WarriorsGaming.Unity,4,21350
ROG MASTERS 2017,Execration,5,8000
ROG MASTERS 2017,Team MAX,6,8000
DreamLeague Season 8,Team Secret,1,500000
DreamLeague Season 8,Team Liquid,2,200000
DreamLeague Season 8,Evil Geniuses,3,100000
DreamLeague Season 8,Natus Vincere,4,70000
DreamLeague Season 8,Newbee,5,45000
DreamLeague Season 8,Virtus.pro,6,45000
DreamLeague Season 8,Fnatic,7,20000
DreamLeague Season 8,Infamous,8,20000
Midas Mode,OpTic Gaming,1,18000
Midas Mode,VGJ.Storm,2,7500
Midas Mode,Evil Geniuses,3,4500
Midas Mode,Immortals,4,0
Midas Mode,Team Liquid,1,18000
Midas Mode,Natus Vincere,2,7500
Midas Mode,OG,3,4500
Midas Mode,MidOrFeed,4,0
Perfect World Masters,Newbee,1,150000
Perfect World Masters,Vici Gaming,2,60000
Perfect World Masters,LGD.Forever Young,3,30000
Perfect World Masters,compLexity Gaming,4,18000
Perfect World Masters,Team Kinguin,5,12000
Perfect World Masters,Team Secret,6,12000
Perfect World Masters,Mineski,7,6000
Perfect World Masters,Vega Squadron,8,6000
Perfect World Masters,LGD Gaming,9,3000
Perfect World Masters,SG e-sports,10,3000
WESG 2017 Europe Finals,AntiHype,1,40000
WESG 2017 Europe Finals,mousesports,2,20000
WESG 2017 Europe Finals,Ukraine,3,10000
WESG 2017 Europe Finals,UAshki,4,6500
WESG 2017 Europe Finals,Ultima_Thule,5,4000
WESG 2017 Europe Finals,Sweden,6,4000
WESG 2017 Europe Finals,ANT E-Sports,7,4000
WESG 2017 Europe Finals,Romania,8,4000
WESG 2017 Europe Finals,Germany,9,0
WESG 2017 Europe Finals,Finland,10,0
WESG 2017 Europe Finals,Netherlands,11,0
WESG 2017 Europe Finals,Serbia,12,0
WESG 2017 Europe Finals,Danish Dynamite,13,0
WESG 2017 Europe Finals,No Biggie,14,0
WESG 2017 Europe Finals,Team Albatross,15,0
WESG 2017 Europe Finals,Game-Life Balance,16,0
WESG 2017 Europe Finals,United Kingdom,17,0
WESG 2017 Europe Finals,Baskonia eSports,18,0
WESG 2017 Europe Finals,Royal Bandits,19,0
WESG 2017 Europe Finals,Excellent!,20,0
China Top 2017,TNC Pro Team,1,151935
China Top 2017,VGJ.Thunder,2,0
China Top 2017,Invictus Gaming,3,0
China Top 2017,Digital Chaos,4,0
Adrenaline Cyber League,Natus Vincere,1,65000
Adrenaline Cyber League,Virtus.pro,2,25000
Adrenaline Cyber League,mousesports,3,5000
Adrenaline Cyber League,Team Empire,4,5000
Dota2 Professional League Season 4,LGD.Forever Young,1,51204
Dota2 Professional League Season 4,Newbee,2,22590
Dota2 Professional League Season 4,VGJ.Thunder,3,15060
Dota2 Professional League Season 4,Vici Gaming,4,12048
Dota2 Professional League Season 4,LGD Gaming,5,9789
Dota2 Professional League Season 4,Invictus Gaming,6,9789
Dota2 Professional League Season 4,iG Vitality,7,7530
Dota2 Professional League Season 4,Team MAX,8,7530
Dota2 Professional League Season 4,CDEC Gaming,9,7530
AMD SAPPHIRE Dota PIT League,Team Liquid,1,125000
AMD SAPPHIRE Dota PIT League,Vici Gaming,2,65000
AMD SAPPHIRE Dota PIT League,Newbee,3,35000
AMD SAPPHIRE Dota PIT League,Virtus.pro,4,25000
AMD SAPPHIRE Dota PIT League,SG e-sports,5,15000
AMD SAPPHIRE Dota PIT League,OG,6,15000
AMD SAPPHIRE Dota PIT League,Immortals,7,10000
AMD SAPPHIRE Dota PIT League,Fnatic,8,10000
ESL One Hamburg 2017,Virtus.pro,1,500000
ESL One Hamburg 2017,Team Secret,2,200000
ESL One Hamburg 2017,Team Liquid,3,90000
ESL One Hamburg 2017,Newbee,4,90000
ESL One Hamburg 2017,Evil Geniuses,5,40000
ESL One Hamburg 2017,Keen Gaming,6,40000
ESL One Hamburg 2017,Fnatic,7,20000
ESL One Hamburg 2017,SG e-sports,8,20000
PGL Open Bucharest,Mineski,1,130000
PGL Open Bucharest,LGD Gaming,2,65000
PGL Open Bucharest,Immortals,3,30000
PGL Open Bucharest,Evil Geniuses,4,30000
PGL Open Bucharest,Team Secret,5,15000
PGL Open Bucharest,VGJ.Thunder,6,15000
PGL Open Bucharest,Infamous,7,7500
PGL Open Bucharest,Natus Vincere,8,7500
The Major League,Execration,1,31930
The Major League,EHOME,2,14191
The Major League,Fnatic,3,7096
The Major League,Clutch Gamers,4,5676
The Major League,iG Vitality,5,0
The Major League,Team HighGround,6,0
The Major League,EVOS Esports,7,0
The Major League,WarriorsGaming.Unity,8,0
StarLadder i-League Invitational Season 3,Team Liquid,1,135000
StarLadder i-League Invitational Season 3,Mineski,2,60000
StarLadder i-League Invitational Season 3,compLexity Gaming,3,30000
StarLadder i-League Invitational Season 3,Team Secret,4,30000
StarLadder i-League Invitational Season 3,SG e-sports,5,15000
StarLadder i-League Invitational Season 3,Natus Vincere,6,15000
StarLadder i-League Invitational Season 3,Vici Gaming,7,7500
StarLadder i-League Invitational Season 3,Newbee,8,7500
World Cyber Arena 2017 Europe Finals,HellRaisers,1,30178
World Cyber Arena 2017 Europe Finals,Team Empire,2,15088
World Cyber Arena 2017 Europe Finals,Team Kinguin,3,7544
World Cyber Arena 2017 Europe Finals,Effect,4,0
World Cyber Arena 2017 Europe Finals,SFTe-sports,5,0
World Cyber Arena 2017 Europe Finals,mousesports,6,0
World Cyber Arena 2017 Europe Finals,Vega Squadron,7,0
World Cyber Arena 2017 Europe Finals,MidOrFeed,8,0
World Cyber Arena 2017 MENA Qualifier,Orcus,1,28850
World Cyber Arena 2017 MENA Qualifier,Team Lebanon,2,14425
World Cyber Arena 2017 MENA Qualifier,BendOver,3,7213
World Cyber Arena 2017 MENA Qualifier,Smash,4,0
World Cyber Arena 2017 MENA Qualifier,Art of Execution,5,0
World Cyber Arena 2017 MENA Qualifier,Raze,6,0
World Cyber Arena 2017 MENA Qualifier,Train your Brain,7,0
World Cyber Arena 2017 MENA Qualifier,Dad is Proud,8,0
World Cyber Arena 2017 MENA Qualifier,NoFear,9,0
World Cyber Arena 2017 MENA Qualifier,BPlease 420,10,0
World Cyber Arena 2017 MENA Qualifier,Five Libyans,11,0
World Cyber Arena 2017 MENA Qualifier,Game of Throwz,12,0
World Cyber Arena 2017 MENA Qualifier,2K Players,13,0
World Cyber Arena 2017 MENA Qualifier,Team Anime,14,0
World Cyber Arena 2017 MENA Qualifier,Scratch the Surface,15,0
World Cyber Arena 2017 MENA Qualifier,Loveless,16,0
World Cyber Arena 2017 MENA Qualifier,Kings,17,0
World Cyber Arena 2017 MENA Qualifier,Team Dogs Dota,18,0
World Cyber Arena 2017 MENA Qualifier,Noobies in Team,19,0
World Cyber Arena 2017 MENA Qualifier,Gremory Household,20,0
World Cyber Arena 2017 MENA Qualifier,Monsters Have Hearts,21,0
World Cyber Arena 2017 MENA Qualifier,Team Tangos,22,0
The International 2017,Team Liquid,1,10862683
The International 2017,Newbee,2,3950067
The International 2017,LGD.Forever Young,3,2592231
The International 2017,LGD Gaming,4,1728154
The International 2017,Virtus.pro,5,1110956
The International 2017,Invictus Gaming,6,1110956
The International 2017,Team Empire,7,617198
The International 2017,OG,8,617198
The International 2017,Team Secret,9,370319
The International 2017,Evil Geniuses,10,370319
The International 2017,TNC Pro Team,11,370319
The International 2017,Digital Chaos,12,370319
The International 2017,Execration,13,123440
The International 2017,Cloud9,14,123440
The International 2017,Infamous,15,123440
The International 2017,iG Vitality,16,123440
The International 2017,Fnatic,17,61720
The International 2017,HellRaisers,18,61720
DreamLeague Season 7,Team Liquid,1,80000
DreamLeague Season 7,Planet Odd,2,45000
DreamLeague Season 7,Team Secret,3,30000
DreamLeague Season 7,Vega Squadron,4,20000
World Cyber Arena 2017 APAC Qualifier,Mineski,1,29532
World Cyber Arena 2017 APAC Qualifier,Execration,2,14766
World Cyber Arena 2017 APAC Qualifier,Rex Regum QEON,3,7383
World Cyber Arena 2017 APAC Qualifier,Clutch Gamers,4,0
World Cyber Arena 2017 APAC Qualifier,Geek Fam,5,0
World Cyber Arena 2017 APAC Qualifier,HappyFeet,6,0
World Cyber Arena 2017 APAC Qualifier,The Mongolz,7,0
World Cyber Arena 2017 APAC Qualifier,Young Minds,8,0
World Cyber Arena 2017 APAC Qualifier,Ten Twenty,9,0
World Cyber Arena 2017 APAC Qualifier,Moogle,10,0
Mars Dota 2 League 2017,LGD Gaming,1,112500
Mars Dota 2 League 2017,LGD.Forever Young,2,50000
Mars Dota 2 League 2017,Newbee,3,31250
Mars Dota 2 League 2017,OG,4,18750
Mars Dota 2 League 2017,Evil Geniuses,5,12500
Mars Dota 2 League 2017,Invictus Gaming,6,12500
Mars Dota 2 League 2017,Clutch Gamers,7,6250
Mars Dota 2 League 2017,Vici Gaming,8,6250
The Final Match Season 1,Alliance,1,21250
The Final Match Season 1,SG e-sports,2,11250
The Final Match Season 1,Team Spirit,3,6500
The Final Match Season 1,Thunder Awaken,4,5000
The Final Match Season 1,Elite Wolves,5,1750
The Final Match Season 1,MVP Revolution,6,1750
The Final Match Season 1,Infamous,7,1250
The Final Match Season 1,Midas Club Elite,8,1250
Galaxy Battles,Newbee,1,69000
Galaxy Battles,Planet Odd,2,22500
Galaxy Battles,TNC Pro Team,3,18000
Galaxy Battles,mousesports,4,13500
Galaxy Battles,iG Vitality,5,9000
Galaxy Battles,Vici Gaming,6,9000
Galaxy Battles,Infamous,7,4500
Galaxy Battles,HappyFeet,8,4500
The Summit 7,Virtus.pro,1,42500
The Summit 7,Team Secret,2,22500
The Summit 7,LGD Gaming,3,10500
The Summit 7,Team NP,4,10000
The Summit 7,Natus Vincere,5,3500
The Summit 7,Digital Chaos,6,1000
The Summit 7,Team Empire,7,2500
The Summit 7,Team VGJ,8,2500
EPICENTER 2017,Team Liquid,1,250000
EPICENTER 2017,Evil Geniuses,2,100000
EPICENTER 2017,Team Secret,3,40000
EPICENTER 2017,LGD.Forever Young,4,40000
EPICENTER 2017,Invictus Gaming,5,20000
EPICENTER 2017,Virtus.pro,6,20000
EPICENTER 2017,OG,7,10000
EPICENTER 2017,Planet Odd,8,10000
EPICENTER 2017,Natus Vincere,9,5000
EPICENTER 2017,Clutch Gamers,10,5000
ZOTAC Cup Masters,Newbee,1,50000
ZOTAC Cup Masters,Team NP,2,20000
ZOTAC Cup Masters,Fnatic,3,7000
ZOTAC Cup Masters,iG Vitality,4,7000
ZOTAC Cup Masters,Digital Chaos,5,5000
ZOTAC Cup Masters,Danish Bears,6,5000
ZOTAC Cup Masters,WarriorsGaming.Unity,7,3000
ZOTAC Cup Masters,Team Singularity,8,3000
Russian e-Sports Cup 2017,Virtus.pro,1,24948
Russian e-Sports Cup 2017,Team Empire,2,12563
Russian e-Sports Cup 2017,Team Spirit,3,9024
Russian e-Sports Cup 2017,Elements Pro,4,4600
Russian e-Sports Cup 2017,ZOKEN GAMING,5,1946
Russian e-Sports Cup 2017,ZERO ONE,6,1769
Russian e-Sports Cup 2017,Mad Dogs Team,7,1769
Russian e-Sports Cup 2017,DVK,8,0
Russian e-Sports Cup 2017,Gears of Destruction,9,0
Russian e-Sports Cup 2017,Doteri dva,10,0
Russian e-Sports Cup 2017,SFTe-sports,11,0
Russian e-Sports Cup 2017,Josskie,12,0
Russian e-Sports Cup 2017,PiTER,13,0
Russian e-Sports Cup 2017,People,14,0
Russian e-Sports Cup 2017,Without Problems,15,0
Russian e-Sports Cup 2017,Hollow,16,0
Russian e-Sports Cup 2017,LaFlamme,17,0
Russian e-Sports Cup 2017,ANIMA.APACHE,18,0
Russian e-Sports Cup 2017,Life Breake,19,0
Russian e-Sports Cup 2017,YAROST TOPORA,20,0
Russian e-Sports Cup 2017,Ignore Ochir,21,0
Russian e-Sports Cup 2017,Top Team,22,0
Russian e-Sports Cup 2017,F.R.I.E.N.D.S.,23,0
Russian e-Sports Cup 2017,Vega Squadron,24,0
The Manila Masters,Evil Geniuses,1,125000
The Manila Masters,Newbee,2,50000
The Manila Masters,Team NP,3,25000
The Manila Masters,Team Faceless,4,20000
The Manila Masters,Invictus Gaming,5,10000
The Manila Masters,OG,6,10000
The Manila Masters,Team Secret,7,5000
The Manila Masters,Clutch Gamers,8,5000
StarLadder i-League Invitational Season 2,Team Liquid,1,45000
StarLadder i-League Invitational Season 2,TNC Pro Team,2,20000
StarLadder i-League Invitational Season 2,Invictus Gaming,3,10000
StarLadder i-League Invitational Season 2,Newbee,4,10000
StarLadder i-League Invitational Season 2,Alliance,5,5000
StarLadder i-League Invitational Season 2,Vega Squadron,6,5000
StarLadder i-League Invitational Season 2,Team VGJ,7,2500
StarLadder i-League Invitational Season 2,Team Faceless,8,2500
The Kiev Major 2017,OG,1,1000000
The Kiev Major 2017,Virtus.pro,2,500000
The Kiev Major 2017,Invictus Gaming,3,250000
The Kiev Major 2017,Evil Geniuses,4,250000
The Kiev Major 2017,Team Liquid,5,125000
The Kiev Major 2017,Team Faceless,6,125000
The Kiev Major 2017,Team VGJ,7,125000
The Kiev Major 2017,SG e-sports,8,125000
The Kiev Major 2017,mousesports,9,62500
The Kiev Major 2017,Newbee,10,62500
The Kiev Major 2017,Digital Chaos,11,62500
The Kiev Major 2017,iG Vitality,12,62500
The Kiev Major 2017,TNC Pro Team,13,62500
The Kiev Major 2017,Team Random,14,62500
The Kiev Major 2017,Thunderbirds,15,62500
The Kiev Major 2017,Team Secret,16,62500
Dota2 Professional League Season 3,Newbee,1,32668
Dota2 Professional League Season 3,LGD Gaming,2,18149
Dota2 Professional League Season 3,Vici Gaming,3,8711
Dota2 Professional League Season 3,Invictus Gaming,4,8711
Dota2 Professional League Season 3,iG Vitality,5,2178
Dota2 Professional League Season 3,Team VGJ,6,2178
Dota2 Professional League Season 3,LGD.Forever Young,7,0
Dota2 Professional League Season 3,Wings Gaming,8,0
Dota2 Professional League Season 3,EHOME.Keen,9,0
Dota2 Professional League Season 3,Vici Gaming Potential,10,0
Dota2 Professional League Season 3,CDEC Gaming,11,0
Dota2 Professional League Season 3,FTD club C,12,0
DAC 2017,Invictus Gaming,1,244798
DAC 2017,OG,2,91799
DAC 2017,Newbee,3,73439
DAC 2017,iG Vitality,4,55079
DAC 2017,Team Empire,5,36719
DAC 2017,Evil Geniuses,6,36719
DAC 2017,Team VGJ,7,18359
DAC 2017,Team Faceless,8,18359
DAC 2017,LGD.Forever Young,9,9179
DAC 2017,Team NP,10,9179
DAC 2017,Wings Gaming,11,9179
DAC 2017,Team Liquid,12,9179
StarLadder i-League StarSeries Season 3,Team Liquid,1,135000
StarLadder i-League StarSeries Season 3,Team VGJ,2,60000
StarLadder i-League StarSeries Season 3,TNC Pro Team,3,30000
StarLadder i-League StarSeries Season 3,OG,4,30000
StarLadder i-League StarSeries Season 3,Team Secret,5,15000
StarLadder i-League StarSeries Season 3,Wings Gaming,6,15000
StarLadder i-League StarSeries Season 3,iG Vitality,7,7500
StarLadder i-League StarSeries Season 3,Digital Chaos,8,7500
Dota Pit League Season 5,Evil Geniuses,1,62937
Dota Pit League Season 5,OG,2,34965
Dota Pit League Season 5,Team Faceless,3,25174
Dota Pit League Season 5,Invictus Gaming,4,16783
Dota Pit League Season 5,Team Secret,5,0
Dota Pit League Season 5,Virtus.pro,6,0
Dota Pit League Season 5,Elements Pro,7,0
Dota Pit League Season 5,Digital Chaos,8,0
WESG 2016,TNC Pro Team,1,800000
WESG 2016,Cloud9,2,400000
WESG 2016,Alliance,3,200000
WESG 2016,Infamous,4,60000
WESG 2016,To.be.or.not.to.be,5,10000
WESG 2016,DUOBAO Young,6,10000
WESG 2016,SG e-sports,7,10000
WESG 2016,Team DileCom,8,10000
WESG 2016,Dark Passage,9,0
WESG 2016,MAX.Y,10,0
WESG 2016,MVP Revolution,11,0
WESG 2016,Romania,12,0
WESG 2016,Horde,13,0
WESG 2016,Fantastic Five,14,0
WESG 2016,s1 Lykos,15,0
WESG 2016,Ukraine,16,0
WESG 2016,Bravado Gaming,17,0
WESG 2016,Team X-BET,18,0
WESG 2016,Aboshamalah,19,0
WESG 2016,Comanche,20,0
WESG 2016,T Show,21,0
WESG 2016,Vultur,22,0
WESG 2016,Team One Ecuador,23,0
WESG 2016,Signature.Trust,24,0
ESL One Genting 2017,Digital Chaos,1,125000
ESL One Genting 2017,Newbee,2,50000
ESL One Genting 2017,Virtus.pro,3,22500
ESL One Genting 2017,Wings Gaming,4,22500
ESL One Genting 2017,Team NP,5,10000
ESL One Genting 2017,Execration,6,10000
ESL One Genting 2017,Fnatic,7,5000
ESL One Genting 2017,WarriorsGaming.Unity,8,5000
The International 2018,OG,1,11234158
The International 2018,PSG.LGD,2,4085148
The International 2018,Evil Geniuses,3,2680879
The International 2018,Team Liquid,4,1787252
The International 2018,Virtus.pro,5,1148948
The International 2018,Team Secret,6,1148948
The International 2018,OpTic Gaming,7,638304
The International 2018,VGJ.Storm,8,638304
The International 2018,Team Serenity,9,382983
The International 2018,Mineski,10,382983
The International 2018,Winstrike Team,11,382983
The International 2018,Vici Gaming,12,382983
The International 2018,Fnatic,13,127661
The International 2018,TNC Predator,14,127661
The International 2018,Newbee,15,127661
The International 2018,VGJ.Thunder,16,127661
The International 2018,Invictus Gaming,17,63830
The International 2018,paiN Gaming,18,63830
China Dota2 Supermajor,Team Liquid,1,555000
China Dota2 Supermajor,Virtus.pro,2,225000
China Dota2 Supermajor,PSG.LGD,3,150000
China Dota2 Supermajor,Team Secret,4,120000
China Dota2 Supermajor,OpTic Gaming,5,90000
China Dota2 Supermajor,Vici Gaming,6,90000
China Dota2 Supermajor,TNC Predator,7,60000
China Dota2 Supermajor,Newbee,8,60000
China Dota2 Supermajor,Evil Geniuses,9,22500
China Dota2 Supermajor,VGJ.Storm,10,22500
China Dota2 Supermajor,Mineski,11,22500
China Dota2 Supermajor,VGJ.Thunder,12,22500
China Dota2 Supermajor,Team Spirit,13,15000
China Dota2 Supermajor,Infamous,14,15000
China Dota2 Supermajor,Natus Vincere,15,15000
China Dota2 Supermajor,The Final Tribe,16,15000
WESG 2017,Russia,1,800000
WESG 2017,paiN Gaming,2,300000
WESG 2017,Team Hellas,3,150000
WESG 2017,Rock.Y,4,70000
WESG 2017,Fire Dragoon,5,25000
WESG 2017,Keen Gaming,6,25000
WESG 2017,SG e-sports,7,25000
WESG 2017,Ultima_Thule,8,25000
WESG 2017,NiceOne,9,10000
WESG 2017,EHOME,10,10000
WESG 2017,Finland,11,10000
WESG 2017,HappyFeet,12,10000
WESG 2017,UAshki,13,10000
WESG 2017,Serbia,14,10000
WESG 2017,Peru,15,10000
WESG 2017,Team Leviathan,16,10000
WESG 2017,Netherlands,17,10000
WESG 2017,Entity Gaming,18,10000
WESG 2017,Slice n Dice,19,10000
WESG 2017,ALPHA Red,20,10000
WESG 2017,Volta7,21,10000
WESG 2017,Learn2Gank,22,10000
WESG 2017,Seventh Heaven,23,10000
WESG 2017,White Rabbit Gaming,24,10000
WESG 2017,Unchained Esports,25,10000
WESG 2017,Germany,26,10000
WESG 2017,Sweden,27,10000
WESG 2017,EVOS Esports,28,10000
WESG 2017,Play 4 Fun,29,10000
WESG 2017,Romania,30,10000
DAC 2018,Mineski,1,370000
DAC 2018,LGD Gaming,2,135000
DAC 2018,Virtus.pro,3,105000
DAC 2018,TNC Predator,4,85000
DAC 2018,Vici Gaming,5,67500
DAC 2018,Team Liquid,6,67500
DAC 2018,Evil Geniuses,7,35000
DAC 2018,OpTic Gaming,8,35000
DAC 2018,Newbee,9,15000
DAC 2018,VGJ.Thunder,10,15000
DAC 2018,Invictus Gaming,11,15000
DAC 2018,Team Secret,12,15000
DAC 2018,OG,13,10000
DAC 2018,Effect,14,10000
DAC 2018,Keen Gaming,15,10000
DAC 2018,paiN Gaming,16,10000
Kuala Lumpur Major,Virtus.pro,1,350000
Kuala Lumpur Major,Team Secret,2,170000
Kuala Lumpur Major,Evil Geniuses,3,100000
Kuala Lumpur Major,Ninjas in Pyjamas,4,80000
Kuala Lumpur Major,TNC Predator,5,60000
Kuala Lumpur Major,PSG.LGD,6,60000
Kuala Lumpur Major,Vici Gaming,7,40000
Kuala Lumpur Major,Fnatic,8,40000
Kuala Lumpur Major,Alliance,9,15000
Kuala Lumpur Major,paiN X,10,15000
Kuala Lumpur Major,J.Storm,11,15000
Kuala Lumpur Major,Forward Gaming,12,15000
Kuala Lumpur Major,paiN Gaming,13,10000
Kuala Lumpur Major,Tigers,14,10000
Kuala Lumpur Major,Team Aster,15,10000
Kuala Lumpur Major,Gambit Esports,16,10000
ESL One Birmingham 2018,Virtus.pro,1,500000
ESL One Birmingham 2018,OpTic Gaming,2,200000
ESL One Birmingham 2018,paiN Gaming,3,100000
ESL One Birmingham 2018,Fnatic,4,60000
ESL One Birmingham 2018,Mineski,5,34000
ESL One Birmingham 2018,OG,6,34000
ESL One Birmingham 2018,Team Spirit,7,16000
ESL One Birmingham 2018,Team Liquid,8,16000
ESL One Birmingham 2018,LGD.Forever Young,9,16000
ESL One Birmingham 2018,Evil Geniuses,10,8000
ESL One Birmingham 2018,Vici Gaming,11,8000
ESL One Birmingham 2018,Newbee,12,8000
MDL Changsha Major,PSG.LGD,1,400000
MDL Changsha Major,VGJ.Storm,2,200000
MDL Changsha Major,Vici Gaming,3,130000
MDL Changsha Major,Newbee,4,85000
MDL Changsha Major,Mineski,5,40000
MDL Changsha Major,Team Secret,6,40000
MDL Changsha Major,OG,7,25000
MDL Changsha Major,TNC Predator,8,25000
MDL Changsha Major,Invictus Gaming,9,17500
MDL Changsha Major,iG Vitality,10,17500
MDL Changsha Major,Infamous,11,10000
MDL Changsha Major,Vega Squadron,12,10000
EPICENTER XL,PSG.LGD,1,500000
EPICENTER XL,Team Liquid,2,200000
EPICENTER XL,FlyToMoon,3,110000
EPICENTER XL,Virtus.pro,4,70000
EPICENTER XL,OG,5,30000
EPICENTER XL,Mineski,6,30000
EPICENTER XL,paiN Gaming,7,15000
EPICENTER XL,Team Secret,8,15000
EPICENTER XL,compLexity Gaming,9,10000
EPICENTER XL,Newbee,10,10000
EPICENTER XL,Team Empire,11,5000
EPICENTER XL,Natus Vincere,12,5000
The Bucharest Major,Virtus.pro,1,500000
The Bucharest Major,VGJ.Thunder,2,200000
The Bucharest Major,Newbee,3,90000
The Bucharest Major,Team Liquid,4,90000
The Bucharest Major,TNC Pro Team,5,30000
The Bucharest Major,Team Secret,6,30000
The Bucharest Major,Evil Geniuses,7,30000
The Bucharest Major,OpTic Gaming,8,30000
The Bucharest Major,OG,9,30000
The Bucharest Major,compLexity Gaming,10,30000
The Bucharest Major,Natus Vincere,11,30000
The Bucharest Major,Vici Gaming,12,30000
The Bucharest Major,paiN Gaming,13,30000
The Bucharest Major,Mineski,14,30000
The Bucharest Major,LGD.Forever Young,15,30000
The Bucharest Major,Vega Squadron,16,30000
ESL One Katowice 2018,Virtus.pro,1,400000
ESL One Katowice 2018,Vici Gaming,2,200000
ESL One Katowice 2018,Team Liquid,3,120000
ESL One Katowice 2018,Fnatic,4,80000
ESL One Katowice 2018,Team Secret,5,50000
ESL One Katowice 2018,Evil Geniuses,6,50000
ESL One Katowice 2018,OG,7,20000
ESL One Katowice 2018,Newbee,8,20000
ESL One Katowice 2018,Mineski,9,10000
ESL One Katowice 2018,OpTic Gaming,10,10000
ESL One Katowice 2018,Team Kinguin,11,10000
ESL One Katowice 2018,LGD Gaming,12,10000
ESL One Katowice 2018,Effect,13,5000
ESL One Katowice 2018,compLexity Gaming,14,5000
ESL One Katowice 2018,Infamous,15,5000
ESL One Katowice 2018,Natus Vincere,16,5000
Galaxy Battles II: Emerging Worlds,VGJ.Thunder,1,200000
Galaxy Battles II: Emerging Worlds,Evil Geniuses,2,85000
Galaxy Battles II: Emerging Worlds,Team Spirit,3,60000
Galaxy Battles II: Emerging Worlds,OG,4,45000
Galaxy Battles II: Emerging Worlds,TNC Pro Team,5,35000
Galaxy Battles II: Emerging Worlds,paiN Gaming,6,35000
Galaxy Battles II: Emerging Worlds,Infamous,7,20000
Galaxy Battles II: Emerging Worlds,PG.Barracx,8,20000
ESL One Genting 2018,Newbee,1,160000
ESL One Genting 2018,Team Liquid,2,80000
ESL One Genting 2018,Team Secret,3,40000
ESL One Genting 2018,Evil Geniuses,4,40000
ESL One Genting 2018,Vici Gaming,5,20000
ESL One Genting 2018,Virtus.pro,6,20000
ESL One Genting 2018,VGJ.Thunder,7,8000
ESL One Genting 2018,Natus Vincere,8,8000
ESL One Genting 2018,compLexity Gaming,9,4000
ESL One Genting 2018,Fnatic,10,4000
ESL One Genting 2018,TNC Pro Team,11,4000
ESL One Genting 2018,Mineski,12,4000
ESL One Genting 2018,Planet Dog,13,2000
ESL One Genting 2018,SG e-sports,14,2000
ESL One Genting 2018,PENTA Sports,15,2000
ESL One Genting 2018,LGD.Forever Young,16,2000
DreamLeague Season 10,Tigers,1,125000
DreamLeague Season 10,Natus Vincere,2,70000
DreamLeague Season 10,Royal Never Give Up,3,35000
DreamLeague Season 10,Infamous,4,25000
DreamLeague Season 10,compLexity Gaming,5,15000
DreamLeague Season 10,Vega Squadron,6,15000
DreamLeague Season 10,ROOONS,7,7500
DreamLeague Season 10,The Final Tribe,8,7500
ESL One Hamburg 2018,Team Secret,1,125000
ESL One Hamburg 2018,Vici Gaming,2,65000
ESL One Hamburg 2018,Virtus.pro,3,35000
ESL One Hamburg 2018,paiN Gaming,4,20000
ESL One Hamburg 2018,Evil Geniuses,5,12000
ESL One Hamburg 2018,Team Aster,6,12000
ESL One Hamburg 2018,compLexity Gaming,7,7500
ESL One Hamburg 2018,Forward Gaming,8,7500
ESL One Hamburg 2018,Alliance,9,5000
ESL One Hamburg 2018,Ninjas in Pyjamas,10,5000
ESL One Hamburg 2018,Mineski,11,3000
ESL One Hamburg 2018,EVOS Esports,12,3000
GESC: Thailand Dota2 Minor,VGJ.Storm,1,110000
GESC: Thailand Dota2 Minor,Keen Gaming,2,65000
GESC: Thailand Dota2 Minor,Team Secret,3,35000
GESC: Thailand Dota2 Minor,Fnatic,4,35000
GESC: Thailand Dota2 Minor,Evil Geniuses,5,17500
GESC: Thailand Dota2 Minor,The Final Tribe,6,17500
GESC: Thailand Dota2 Minor,SG e-sports,7,10000
GESC: Thailand Dota2 Minor,ALPHA Red,8,10000
StarLadder ImbaTV Invitational #5,OpTic Gaming,1,135000
StarLadder ImbaTV Invitational #5,VGJ.Thunder,2,60000
StarLadder ImbaTV Invitational #5,Vega Squadron,3,30000
StarLadder ImbaTV Invitational #5,Fnatic,4,30000
StarLadder ImbaTV Invitational #5,FlyToMoon,5,15000
StarLadder ImbaTV Invitational #5,Natus Vincere,6,15000
StarLadder ImbaTV Invitational #5,Team Kinguin,7,7500
StarLadder ImbaTV Invitational #5,SG e-sports,8,7500
DreamLeague Season 9,Team Secret,1,125000
DreamLeague Season 9,Fnatic,2,70000
DreamLeague Season 9,Team Liquid,3,30000
DreamLeague Season 9,Newbee,4,30000
DreamLeague Season 9,OG,5,15000
DreamLeague Season 9,Team Empire,6,15000
DreamLeague Season 9,Immortals,7,7500
DreamLeague Season 9,paiN Gaming,8,7500
GESC: Indonesia Dota2 Minor,Evil Geniuses,1,110000
GESC: Indonesia Dota2 Minor,VGJ.Thunder,2,65000
GESC: Indonesia Dota2 Minor,Natus Vincere,3,35000
GESC: Indonesia Dota2 Minor,Infamous,4,35000
GESC: Indonesia Dota2 Minor,Fnatic,5,17500
GESC: Indonesia Dota2 Minor,The Final Tribe,6,17500
GESC: Indonesia Dota2 Minor,Digital Chaos,7,10000
GESC: Indonesia Dota2 Minor,Rex Regum QEON,8,10000
StarLadder i-League Invitational Season 4,Team Liquid,1,135000
StarLadder i-League Invitational Season 4,LGD Gaming,2,60000
StarLadder i-League Invitational Season 4,Newbee,3,30000
StarLadder i-League Invitational Season 4,Mineski,4,30000
StarLadder i-League Invitational Season 4,compLexity Gaming,5,15000
StarLadder i-League Invitational Season 4,Team Empire,6,15000
StarLadder i-League Invitational Season 4,Infamous,7,7500
StarLadder i-League Invitational Season 4,Team Kinguin,8,7500
Captains Draft 4.0,Team Secret,1,108000
Captains Draft 4.0,Vici Gaming,2,69000
Captains Draft 4.0,Mineski,3,37500
Captains Draft 4.0,OG,4,37500
Captains Draft 4.0,paiN Gaming,5,12000
Captains Draft 4.0,Evil Geniuses,6,12000
Captains Draft 4.0,compLexity Gaming,7,12000
Captains Draft 4.0,Team Empire,8,12000
PVP Esports Championship,Team Secret,1,80000
PVP Esports Championship,Fnatic,2,40000
PVP Esports Championship,Team Admiral,3,20000
PVP Esports Championship,PSG.LGD,4,20000
PVP Esports Championship,Signify,5,11000
PVP Esports Championship,BOOM ID,6,11000
PVP Esports Championship,Resurgence,7,6000
PVP Esports Championship,KSY,8,6000
PVP Esports Championship,Hashtag?.DOTA,9,6000
Dota2 Professional League Season 5,Vici Gaming,1,52424
Dota2 Professional League Season 5,Newbee,2,22240
Dota2 Professional League Season 5,iG Vitality,3,14297
Dota2 Professional League Season 5,Invictus Gaming,4,11120
Dota2 Professional League Season 5,PSG.LGD,5,9532
Dota2 Professional League Season 5,Keen Gaming,6,9532
Dota2 Professional League Season 5,LGD.Forever Young,7,6354
Dota2 Professional League Season 5,VGJ.Thunder,8,6354
Dota2 Professional League Season 5,Vici Gaming Potential,9,6354
Dota2 Professional League Season 5,EHOME,10,6354
Dota2 Professional League Season 5,CDEC Gaming,11,3972
Dota2 Professional League Season 5,Team MAX,12,3972
World Showdown of Esports #1,Team Serenity,1,50000
World Showdown of Esports #1,J.Storm,2,20000
World Showdown of Esports #1,HAPPY GUYS,3,10000
World Showdown of Esports #1,The Final Tribe,4,10000
World Showdown of Esports #1,Alliance,5,3000
World Showdown of Esports #1,compLexity Gaming,6,3000
World Showdown of Esports #1,paiN X,7,2000
World Showdown of Esports #1,ROOONS,8,2000
The Summit 9,Evil Geniuses,1,40000
The Summit 9,Fnatic,2,20500
The Summit 9,VGJ.Storm,3,15750
The Summit 9,Let's Do It,4,8550
The Summit 9,paiN Gaming,5,8100
The Summit 9,OpTic Gaming,6,7100
MPGL Asian Championship,Execration,1,40000
MPGL Asian Championship,Clutch Gamers,2,20000
MPGL Asian Championship,Keen Gaming,3,10000
MPGL Asian Championship,EVOS Esports,4,10000
WESG 2017 APAC Finals,Rock.Y,1,40000
WESG 2017 APAC Finals,Keen Gaming,2,20000
WESG 2017 APAC Finals,Team Kazakhstan,3,10000
WESG 2017 APAC Finals,Seventh Heaven,4,6500
WESG 2017 APAC Finals,Fire Dragoon,5,4000
WESG 2017 APAC Finals,HappyFeet,6,4000
WESG 2017 APAC Finals,EVOS Esports,7,4000
WESG 2017 APAC Finals,ALPHA Red,8,4000
WESG 2017 APAC Finals,Entity Gaming,9,0
WESG 2017 APAC Finals,Eximious Esports,10,0
WESG 2017 APAC Finals,Signify,11,0
WESG 2017 APAC Finals,Team Lebanon,12,0
WESG 2017 APAC Finals,Azure esports,13,0
WESG 2017 APAC Finals,Electrify,14,0
WESG 2017 APAC Finals,Gersenz,15,0
WESG 2017 APAC Finals,Vanguards,16,0
WESG 2017 APAC Finals,818 Esports,17,0
WESG 2017 APAC Finals,iClen,18,0
WESG 2017 APAC Finals,Kabal Gaming,19,0
WESG 2017 APAC Finals,HOMETE,20,0
Asia Pacific Predator League 2018,Geek Fam,1,50000
Asia Pacific Predator League 2018,BOOM ID,2,25000
Asia Pacific Predator League 2018,Quid Pro Quo,3,15000
Asia Pacific Predator League 2018,Signify,4,0
Asia Pacific Predator League 2018,Ten Twenty,5,0
Asia Pacific Predator League 2018,ALPHA Red,6,0
Asia Pacific Predator League 2018,We Say NO!,7,0
Asia Pacific Predator League 2018,Azure esports,8,0
Malaysia Esports League,Geek Fam,1,38270
Malaysia Esports League,Team HighGround,2,25513
Malaysia Esports League,Team Flash,3,5103
Malaysia Esports League,Fire Dragoon,4,5103
Malaysia Esports League,Team 5ive,5,2551
Malaysia Esports League,818 Esports,6,2551
Malaysia Esports League,MOBILE GIRL,7,1276
Malaysia Esports League,RedBear,8,1276
Maincast Autumn Brawl,Virtus.pro,1,50000
Maincast Autumn Brawl,NoPangolier,2,15000
Maincast Autumn Brawl,Natus Vincere,3,4500
Maincast Autumn Brawl,Ninjas in Pyjamas,4,4500
Maincast Autumn Brawl,Gambit Esports,5,1500
Maincast Autumn Brawl,Team Secret,6,1500
Maincast Autumn Brawl,Team Spirit,7,1500
Maincast Autumn Brawl,Winstrike Team,8,1500
Maincast Autumn Brawl,Espada,9,0
Maincast Autumn Brawl,Team Lithium,10,0
Maincast Autumn Brawl,Underdogs,11,0
Maincast Autumn Brawl,Nemiga Gaming,12,0
Maincast Autumn Brawl,HAPPY GUYS,13,0
Maincast Autumn Brawl,Elements Pro,14,0
Maincast Autumn Brawl,Team Empire,15,0
Maincast Autumn Brawl,FCDB Esports,16,0
Maincast Autumn Brawl,TPB,17,0
Maincast Autumn Brawl,madjor atendari,18,0
Maincast Autumn Brawl,WU TANG,19,0
Maincast Autumn Brawl,URUK-HIGH,20,0
World Cyber Arena 2017,Invictus Gaming,1,47367
World Cyber Arena 2017,For The Dream,2,15789
World Cyber Arena 2017,Planet Dog,3,7895
World Cyber Arena 2017,FATE eSports,4,0
World Cyber Arena 2017,iG Vitality,5,0
World Cyber Arena 2017,Team OD,6,0
World Cyber Arena 2017,Execration,7,0
World Cyber Arena 2017,Newbee Young,8,0
GG.Bet Invitational Season 1,Ninjas in Pyjamas,1,22500
GG.Bet Invitational Season 1,Gambit Esports,2,10000
GG.Bet Invitational Season 1,Alliance,3,5000
GG.Bet Invitational Season 1,Team Lithium,4,5000
GG.Bet Invitational Season 1,Team Spirit,5,2500
GG.Bet Invitational Season 1,Hippomaniacs,6,2500
GG.Bet Invitational Season 1,Odium,7,1250
GG.Bet Invitational Season 1,Espada,8,1250
Reshuffle Madness,Alliance,1,25000
Reshuffle Madness,ferzee,2,12000
Reshuffle Madness,Team Empire,3,8000
Reshuffle Madness,Team Spirit,4,5000
Reshuffle Madness,Odium,5,0
Reshuffle Madness,The Final Tribe,6,0
Reshuffle Madness,Elements Pro,7,0
Reshuffle Madness,Natus Vincere,8,0