Rift Rivals 2018: LLN vs CLS vs CBLOL,1,12750,Keyd Stars
Rift Rivals 2018: LLN vs CLS vs CBLOL,2,12750,KaBuM! e-Sports
Rift Rivals 2018: LLN vs CLS vs CBLOL,3,8500,Kaos Latin Gamers
Rift Rivals 2018: LLN vs CLS vs CBLOL,4,8500,Rebirth eSports
Rift Rivals 2018: LLN vs CLS vs CBLOL,5,-,Rainbow7
Rift Rivals 2018: LLN vs CLS vs CBLOL,6,-,Infinity eSports
Rift Rivals 2018: LCL vs TCL vs VCS,1,13000,SuperMassive eSports
Rift Rivals 2018: LCL vs TCL vs VCS,2,13000,Royal Bandits
Rift Rivals 2018: LCL vs TCL vs VCS,3,13000,YouthCrew Esports
Rift Rivals 2018: LCL vs TCL vs VCS,4,7000,Gambit Esports
Rift Rivals 2018: LCL vs TCL vs VCS,5,7000,RoX
Rift Rivals 2018: LCL vs TCL vs VCS,6,7000,Team Just Alpha
Rift Rivals 2018: LCL vs TCL vs VCS,7,4000,GIGABYTE Marines
Rift Rivals 2018: LCL vs TCL vs VCS,8,4000,EVOS Esports
Rift Rivals 2018: LCL vs TCL vs VCS,9,4000,Vikings Gaming
LMS Summer 2018,1,48709,Flash Wolves
LMS Summer 2018,2,19483,MAD Team
LMS Summer 2018,3,12989,J Team
LMS Summer 2018,4,6494,Hong Kong Attitude
Rift Rivals 2018: LCK vs LPL vs LMS,1,20000,Royal Never Give Up
Rift Rivals 2018: LCK vs LPL vs LMS,2,20000,EDward Gaming
Rift Rivals 2018: LCK vs LPL vs LMS,3,20000,Rogue Warriors
Rift Rivals 2018: LCK vs LPL vs LMS,4,20000,Invictus Gaming
Rift Rivals 2018: LCK vs LPL vs LMS,5,10000,KING-ZONE DragonX
Rift Rivals 2018: LCK vs LPL vs LMS,6,10000,Afreeca Freecs
Rift Rivals 2018: LCK vs LPL vs LMS,7,10000,KT Rolster
Rift Rivals 2018: LCK vs LPL vs LMS,8,10000,SK Telecom T1
Rift Rivals 2018: LCK vs LPL vs LMS,9,6000,Flash Wolves
Rift Rivals 2018: LCK vs LPL vs LMS,10,6000,G-Rex
Rift Rivals 2018: LCK vs LPL vs LMS,11,6000,MAD Team
Rift Rivals 2018: LCK vs LPL vs LMS,12,6000,Machi Esports
Rift Rivals 2018: NA vs EU,1,20000,Fnatic
Rift Rivals 2018: NA vs EU,2,20000,G2 Esports
Rift Rivals 2018: NA vs EU,3,20000,Splyce
Rift Rivals 2018: NA vs EU,4,5000,Team Liquid
Rift Rivals 2018: NA vs EU,5,5000,100 Thieves
Rift Rivals 2018: NA vs EU,6,5000,Echo Fox
Rift Rivals 2018: NA vs EU,7,Hjarnan,G2 Esports
Rift Rivals 2018: NA vs EU,8,Wadid,G2 Esports
Rift Rivals 2018: NA vs EU,9,Doublelift,Team Liquid
Rift Rivals 2018: NA vs EU,10,Olleh,Team Liquid
Rift Rivals 2018: NA vs EU,11,Bwipo,Fnatic
Rift Rivals 2018: NA vs EU,12,Hylissang,Fnatic
Rift Rivals 2018: NA vs EU,13,Cody Sun,100 Thieves
Rift Rivals 2018: NA vs EU,14,aphromoo,100 Thieves
LPL Summer 2018,1,218791.90,Royal Never Give Up
LPL Summer 2018,2,116689.02,Invictus Gaming
LPL Summer 2018,3,72930.63,JD Gaming
LPL Summer 2018,4,43758.38,Rogue Warriors
EU LCS Summer 2018,1,92517.60,Fnatic
EU LCS Summer 2018,2,57823.50,FC Schalke 04 Esports
EU LCS Summer 2018,3,34694.10,Team Vitality
EU LCS Summer 2018,4,23129.40,Misfits Gaming
NA LCS Summer 2018,1,100000,Team Liquid
NA LCS Summer 2018,2,50000,Cloud9
NA LCS Summer 2018,3,30000,Team SoloMid
NA LCS Summer 2018,4,20000,100 Thieves
2018 World Championship,1,834375,Invictus Gaming
2018 World Championship,2,300375,Fnatic
2018 World Championship,3,155750,G2 Esports
2018 World Championship,4,155750,Cloud9
LCK Summer 2018,1,88686.30,KT Rolster
LCK Summer 2018,2,53211.78,Griffin
LCK Summer 2018,3,26605.89,Afreeca Freecs
LCK Summer 2018,4,17737.26,KING-ZONE DragonX
Rift Rivals 2018: SEA vs LJL vs OPL,1,10000,Dire Wolves
Rift Rivals 2018: SEA vs LJL vs OPL,2,10000,Chiefs Esports Club
Rift Rivals 2018: SEA vs LJL vs OPL,3,10000,Legacy Esports
Rift Rivals 2018: SEA vs LJL vs OPL,4,6000,Ascension Gaming
Rift Rivals 2018: SEA vs LJL vs OPL,5,6000,Kuala Lumpur Hunters
Rift Rivals 2018: SEA vs LJL vs OPL,6,6000,Mineski
Rift Rivals 2018: SEA vs LJL vs OPL,7,4000,PENTAGRAM
Rift Rivals 2018: SEA vs LJL vs OPL,8,4000,DetonatioN FocusMe
Rift Rivals 2018: SEA vs LJL vs OPL,9,4000,Unsold Stuff Gaming
LMS Spring 2018,1,50849.46,Flash Wolves
LMS Spring 2018,2,20339.78,G-Rex
LMS Spring 2018,3,13559.86,MAD Team
LMS Spring 2018,4,6779.93,Machi Esports
LCK Spring 2018,1,93798,KING-ZONE DragonX
LCK Spring 2018,2,56279,Afreeca Freecs
LCK Spring 2018,3,28139,KT Rolster
LCK Spring 2018,4,18760,SK Telecom T1
LPL Spring 2018,1,237167.84,Royal Never Give Up
LPL Spring 2018,2,126489.51,EDward Gaming
LPL Spring 2018,3,79055.95,Rogue Warriors
LPL Spring 2018,4,47433.57,Invictus Gaming
Mid-Season Invitational 2018,1,527650.20,Royal Never Give Up
Mid-Season Invitational 2018,2,267251.40,KING-ZONE DragonX
Mid-Season Invitational 2018,3,133625.70,Fnatic
Mid-Season Invitational 2018,4,133625.70,Flash Wolves
EU LCS Spring 2018,1,98300,Fnatic
EU LCS Spring 2018,2,61437,G2 Esports
EU LCS Spring 2018,3,36862,Splyce
EU LCS Spring 2018,4,24575,Team Vitality
NA LCS Summer 2017,1,100000,Team SoloMid
NA LCS Summer 2017,2,50000,Immortals
NA LCS Summer 2017,3,30000,Counter Logic Gaming
NA LCS Summer 2017,4,20000,Team Dignitas
NA LCS Spring 2018,1,100000,Team Liquid
NA LCS Spring 2018,2,50000,100 Thieves
NA LCS Spring 2018,3,30000,Echo Fox
NA LCS Spring 2018,4,20000,Clutch Gaming
EU LCS Summer 2017,1,94400,G2 Esports
EU LCS Summer 2017,2,59000,Misfits Gaming
EU LCS Summer 2017,3,35400,Fnatic
EU LCS Summer 2017,4,23600,H2K
2017 World Championship,1,1723721.63,Samsung Galaxy
2017 World Championship,2,620539.79,SK Telecom T1
2017 World Championship,3,321761.37,Royal Never Give Up
2017 World Championship,4,321761.37,Team WE
LPL Summer 2017,1,217862,EDward Gaming
LPL Summer 2017,2,116195,Royal Never Give Up
LPL Summer 2017,3,72621,Invictus Gaming
LPL Summer 2017,4,43573,Team WE
LMS Summer 2017,1,49287,Flash Wolves
LMS Summer 2017,2,19714,ahq e-Sports Club
LMS Summer 2017,3,13143,Raise Gaming
LMS Summer 2017,4,6571,J Team
Rift Rivals 2017: LCL vs TCL,1,20000,SuperMassive eSports
Rift Rivals 2017: LCL vs TCL,2,20000,Crew e-Sports Club
Rift Rivals 2017: LCL vs TCL,3,20000,1907 Fenerbahçe Esports
Rift Rivals 2017: LCL vs TCL,4,20000,Team AURORA
Rift Rivals 2017: LCL vs TCL,5,5000,Virtus.pro
Rift Rivals 2017: LCL vs TCL,6,5000,Vaevictis eSports
Rift Rivals 2017: LCL vs TCL,7,5000,Vega Squadron
Rift Rivals 2017: LCL vs TCL,8,5000,M19
Rift Rivals 2017: LLN vs CLS vs CBLOL,1,Brazilian LoL Championship  CBLOL,RED Canids
Rift Rivals 2017: LLN vs CLS vs CBLOL,2,Brazilian LoL Championship  CBLOL,Keyd Stars
Rift Rivals 2017: LLN vs CLS vs CBLOL,3,Latin America South Cup  CLS,Isurus Gaming
Rift Rivals 2017: LLN vs CLS vs CBLOL,4,Latin America South Cup  CLS,Furious Gaming
Rift Rivals 2017: LLN vs CLS vs CBLOL,5,Latin America North League LLN,Lyon Gaming
Rift Rivals 2017: LLN vs CLS vs CBLOL,6,Latin America North League LLN,Just Toys Havoks
Rift Rivals 2017: NA vs EU,1,20000,Team SoloMid
Rift Rivals 2017: NA vs EU,2,20000,Cloud9
Rift Rivals 2017: NA vs EU,3,20000,Phoenix1
Rift Rivals 2017: NA vs EU,4,5000,G2 Esports
Rift Rivals 2017: NA vs EU,5,5000,Unicorns Of Love
Rift Rivals 2017: NA vs EU,6,5000,Fnatic
LPL Spring 2017,1,217805,Team WE
LPL Spring 2017,2,116162,Royal Never Give Up
LPL Spring 2017,3,72602,EDward Gaming
LPL Spring 2017,4,43561,Oh My God
Rift Rivals 2017: GPL vs LJL vs OPL,1,LoL Japan League LJL,Rampage
Rift Rivals 2017: GPL vs LJL vs OPL,2,LoL Japan League LJL,DetonatioN FocusMe
Rift Rivals 2017: GPL vs LJL vs OPL,3,LoL Japan League LJL,Unsold Stuff Gaming
Rift Rivals 2017: GPL vs LJL vs OPL,4,Garena Premier League GPL,GIGABYTE Marines
Rift Rivals 2017: GPL vs LJL vs OPL,5,Garena Premier League GPL,Ascension Gaming
Rift Rivals 2017: GPL vs LJL vs OPL,6,Garena Premier League GPL,Mineski
Rift Rivals 2017: GPL vs LJL vs OPL,7,Oceanic Pro League OPL,Dire Wolves
Rift Rivals 2017: GPL vs LJL vs OPL,8,Oceanic Pro League OPL,Legacy Esports
Rift Rivals 2017: GPL vs LJL vs OPL,9,Oceanic Pro League OPL,Sin Gaming
EU LCS Spring 2017,1,85600,G2 Esports
EU LCS Spring 2017,2,53500,Unicorns Of Love
EU LCS Spring 2017,3,32100,Fnatic
EU LCS Spring 2017,4,21400,Misfits Gaming
Mid-Season Invitational 2017,1,676000,SK Telecom T1
Mid-Season Invitational 2017,2,338000,G2 Esports
Mid-Season Invitational 2017,3,169000,Flash Wolves
Mid-Season Invitational 2017,4,169000,Team WE
LMS Spring 2017,1,49287,Flash Wolves
LMS Spring 2017,2,19714,ahq e-Sports Club
LMS Spring 2017,3,13143,J Team
LMS Spring 2017,4,6571,Machi Esports
NA LCS Spring 2017,1,100000,Team SoloMid
NA LCS Spring 2017,2,50000,Cloud9
NA LCS Spring 2017,3,30000,Phoenix1
NA LCS Spring 2017,4,20000,FlyQuest
IEM Season XI - World Championship,1,70000,Flash Wolves
IEM Season XI - World Championship,2,30000,G2 Esports
IEM Season XI - World Championship,3,15000,ROX Tigers
IEM Season XI - World Championship,4,15000,H2K
EU LCS Summer 2016,1,50000,G2 Esports
EU LCS Summer 2016,2,25000,Splyce
EU LCS Summer 2016,3,15000,H2K
EU LCS Summer 2016,4,10000,Unicorns Of Love
2016 World Championship,1,2028000,SK Telecom T1
2016 World Championship,2,760500,Samsung Galaxy
2016 World Championship,3,380250,ROX Tigers
2016 World Championship,4,380250,H2K
NA LCS Summer 2016,1,50000,Team SoloMid
NA LCS Summer 2016,2,25000,Cloud9
NA LCS Summer 2016,3,15000,Immortals
NA LCS Summer 2016,4,10000,Counter Logic Gaming
LCK Summer 2016,1,90200,ROX Tigers
LCK Summer 2016,2,54120,KT Rolster
LCK Summer 2016,3,27060,SK Telecom T1
LCK Summer 2016,4,18040,Samsung Galaxy
Mid-Season Invitational 2016,1,250000,SK Telecom T1
Mid-Season Invitational 2016,2,100000,Counter Logic Gaming
Mid-Season Invitational 2016,3,50000,Royal Never Give Up
Mid-Season Invitational 2016,4,50000,Flash Wolves
LPL Spring 2016,1,229500,Royal Never Give Up
LPL Spring 2016,2,122400,EDward Gaming
LPL Spring 2016,3,76500,Team WE
LPL Spring 2016,4,45900,QG Reapers
NA LCS Spring 2016,1,50000,Counter Logic Gaming
NA LCS Spring 2016,2,25000,Team SoloMid
NA LCS Spring 2016,3,15000,Immortals
NA LCS Spring 2016,4,10000,Team Liquid
EU LCS Spring 2016,1,50000,G2 Esports
EU LCS Spring 2016,2,25000,Origen
EU LCS Spring 2016,3,15000,Fnatic
EU LCS Spring 2016,4,10000,H2K
IEM Season X - World Championship,2,20000,Fnatic
IEM Season X - World Championship,1,50000,SK Telecom T1
IEM Season X - World Championship,3,10000,Team SoloMid
IEM Season X - World Championship,4,10000,Royal Never Give Up
2015 World Championship,1,1000000,SK Telecom T1
2015 World Championship,2,250000,KOO Tigers
2015 World Championship,3,150000,Origen
2015 World Championship,4,150000,Fnatic
NA LCS Summer 2015,1,50000,Counter Logic Gaming
NA LCS Summer 2015,2,25000,Team SoloMid
NA LCS Summer 2015,3,15000,Team Liquid
NA LCS Summer 2015,4,10000,Team Impulse
EU LCS Summer 2015,1,50000,Fnatic
EU LCS Summer 2015,2,25000,Origen
EU LCS Summer 2015,3,15000,H2K
EU LCS Summer 2015,4,10000,Unicorns Of Love
Mid Season Invitational 2015,1,100000,EDward Gaming
Mid Season Invitational 2015,2,50000,SK Telecom T1
Mid Season Invitational 2015,3,25000,Fnatic
Mid Season Invitational 2015,4,25000,ahq e-Sports Club
LCK Spring 2015,1,92649,SK Telecom T1
LCK Spring 2015,2,55589,GE Tigers
LCK Spring 2015,3,27795,CJ Entus
LCK Spring 2015,4,18530,Jin Air Green Wings
LMS Summer 2016,1,49287,Flash Wolves
LMS Summer 2016,2,19714,J Team
LMS Summer 2016,3,13143,ahq e-Sports Club
LMS Summer 2016,4,6571,Hong Kong Esports
LCK Spring 2017,1,89571,SK Telecom T1
LCK Spring 2017,2,53743,KT Rolster
LCK Spring 2017,4,17914,MVP
LCK Spring 2017,3,26871,Samsung Galaxy
LCK Summer 2017,1,88553,Longzhu Gaming
LCK Summer 2017,2,53132,SK Telecom T1
LCK Summer 2017,3,26566,KT Rolster
LCK Summer 2017,4,17711,Samsung Galaxy
NA LCS Spring 2015,1,50000,Team SoloMid
NA LCS Spring 2015,2,25000,Cloud9
NA LCS Spring 2015,3,15000,Team Liquid
NA LCS Spring 2015,4,10000,Team Impulse
EU LCS Spring 2015,1,50000,Fnatic
EU LCS Spring 2015,2,25000,Unicorns Of Love
EU LCS Spring 2015,3,15000,H2K
EU LCS Spring 2015,4,10000,SK Gaming
NA LCS Summer 2014,1,50000,Team SoloMid
NA LCS Summer 2014,2,25000,Cloud9
NA LCS Summer 2014,3,15000,LMQ
NA LCS Summer 2014,4,10000,Team Curse
2014 World Championship,1,1000000,Samsung White
2014 World Championship,2,250000,Star Horn Royal Club
2014 World Championship,3,150000,Samsung Blue
2014 World Championship,4,150000,Oh My God
EU LCS Summer 2014,1,50000,Alliance
EU LCS Summer 2014,2,25000,Fnatic
EU LCS Summer 2014,3,15000,SK Gaming
EU LCS Summer 2014,4,10000,Team ROCCAT
Champions Summer 2014,1,78186,KT Rolster Arrows
Champions Summer 2014,2,39093,Samsung Blue
Champions Summer 2014,3,23456,Samsung White
Champions Summer 2014,4,17592,SK Telecom T1 S
Rift Rivals 2017: LCK vs LPL vs LMS,1,20000,Team WE
Rift Rivals 2017: LCK vs LPL vs LMS,2,20000,Royal Never Give Up
Rift Rivals 2017: LCK vs LPL vs LMS,3,20000,EDward Gaming
Rift Rivals 2017: LCK vs LPL vs LMS,4,20000,Oh My God
Rift Rivals 2017: LCK vs LPL vs LMS,5,10000,SK Telecom T1
Rift Rivals 2017: LCK vs LPL vs LMS,6,10000,KT Rolster
Rift Rivals 2017: LCK vs LPL vs LMS,7,10000,Samsung Galaxy
Rift Rivals 2017: LCK vs LPL vs LMS,8,10000,MVP
Rift Rivals 2017: LCK vs LPL vs LMS,9,6000,Flash Wolves
Rift Rivals 2017: LCK vs LPL vs LMS,10,6000,ahq e-Sports Club
Rift Rivals 2017: LCK vs LPL vs LMS,11,6000,J Team
Rift Rivals 2017: LCK vs LPL vs LMS,12,6000,Machi Esports
Champions Spring 2014,1,74053.52,Samsung Blue
Champions Spring 2014,2,37026.76,NaJin White Shield
Champions Spring 2014,3,22216.06,Samsung Ozone
Champions Spring 2014,4,16662.04,CJ Entus Blaze
LCK Spring 2016,1,87800,SK Telecom T1
LCK Spring 2016,2,52680,ROX Tigers
LCK Spring 2016,3,26340,KT Rolster
LCK Spring 2016,4,17560,Jin Air Green Wings
NA LCS Spring 2014,1,50000,Cloud9
NA LCS Spring 2014,2,25000,Team SoloMid
NA LCS Spring 2014,3,15000,Counter Logic Gaming
NA LCS Spring 2014,4,10000,Team Curse
EU LCS Spring 2014,1,50000,Fnatic
EU LCS Spring 2014,2,25000,SK Gaming
EU LCS Spring 2014,3,15000,Team ROCCAT
EU LCS Spring 2014,4,10000,Alliance
IEM Season VIII - World Championship,1,60000,KT Rolster Bullets
IEM Season VIII - World Championship,2,30000,Fnatic
IEM Season VIII - World Championship,3,14000,Cloud9
IEM Season VIII - World Championship,4,14000,Gambit Gaming
Battle Of The Atlantic 2013,1,25000,Fnatic
Battle Of The Atlantic 2013,2,25000,Lemondogs
Battle Of The Atlantic 2013,3,25000,Gambit Gaming
Battle Of The Atlantic 2013,4,25000,Alliance
Battle Of The Atlantic 2013,5,25000,Team ALTERNATE
Battle Of The Atlantic 2013,6,-,Cloud9
Battle Of The Atlantic 2013,7,-,Team SoloMid
Battle Of The Atlantic 2013,8,-,XDG Gaming
Battle Of The Atlantic 2013,9,-,Team Dignitas
Battle Of The Atlantic 2013,10,-,Counter Logic Gaming
Season 3 World Championship,1,1000000,SK Telecom T1
Season 3 World Championship,2,250000,Royal Club
Season 3 World Championship,3,150000,NaJin Black Sword
Season 3 World Championship,4,150000,Fnatic
Champions Summer 2013,1,72078.57,SK Telecom T1 2
Champions Summer 2013,2,36039.28,KT Rolster Bullets
Champions Summer 2013,3,21623.57,MVP Ozone
Champions Summer 2013,4,16217.68,CJ Entus Frost
LCK Summer 2015,1,84793,SK Telecom T1
LCK Summer 2015,2,50876,KT Rolster
LCK Summer 2015,3,25438,KOO Tigers
LCK Summer 2015,4,16959,CJ Entus
EU LCS Summer 2013,1,50000,Fnatic
EU LCS Summer 2013,2,25000,Lemondogs
EU LCS Summer 2013,3,15000,Gambit Gaming
EU LCS Summer 2013,4,10000,Evil Geniuses
EU LCS Spring 2013,1,50000,Fnatic
EU LCS Spring 2013,2,25000,Gambit Gaming
EU LCS Spring 2013,3,15000,Evil Geniuses
EU LCS Spring 2013,4,10000,SK Gaming
IEM Season VII - World Championship,1,50000,CJ Entus Blaze
IEM Season VII - World Championship,2,25000,CJ Entus Frost
IEM Season VII - World Championship,3,13500,Gambit Gaming
IEM Season VII - World Championship,4,13500,SK Telecom T1 1
Champions Spring 2013,1,70940.86,MVP Ozone
Champions Spring 2013,2,35470.43,CJ Entus Blaze
Champions Spring 2013,3,21282.26,SK Telecom T1 2
Champions Spring 2013,4,15961.13,CJ Entus Frost
IGN Pro League Season 5,1,50000,Team WE
IGN Pro League Season 5,2,20000,Fnatic
IGN Pro League Season 5,3,7500,Taipei Assassins
IGN Pro League Season 5,4,3000,Moscow Five
Season 2 World Championship,1,1000000,Taipei Assassins
Season 2 World Championship,2,250000,Azubu Frost
Season 2 World Championship,3,150000,Moscow Five
Season 2 World Championship,4,150000,Counter Logic Gaming Europe
IEM Season VI - World Championship,1,50000,Moscow Five
IEM Season VI - World Championship,2,20000,Team Dignitas
IEM Season VI - World Championship,3,8000,Counter Logic Gaming
IEM Season VI - World Championship,4,3800,against All authority
Riot Season 1 Championship,1,50000,Fnatic
Riot Season 1 Championship,2,25000,against All authority
Riot Season 1 Championship,3,10000,Team SoloMid
Riot Season 1 Championship,4,7000,Epik Gamer
Superliga ABCDE Season 2,1,-,TBD
Superliga ABCDE Season 2,2,-,TBD
Superliga ABCDE Season 2,3,-,TBD
Superliga ABCDE Season 2,4,-,TBD
NEST 2018,1,57699.84,JD Gaming
NEST 2018,2,21638.70,Topsports Gaming
NEST 2018,3,11540.64,Rogue Warriors
NEST 2018,4,5770.32,Suning Gaming
European Masters Summer 2018,1,46437.85,MAD Lions
European Masters Summer 2018,2,29023.66,Ninjas in Pyjamas
European Masters Summer 2018,3,15672.77,EURONICS Gaming
European Masters Summer 2018,4,15672.77,ASUS ROG ELITE
LDL Summer Finals 2018,1,LPL Seed,SinoDragon Club
LDL Summer Finals 2018,2,-,Unlimited Potential
LDL Summer Finals 2018,3,-,Victorious Gaming
LDL Summer Finals 2018,4,-,OnlyGame
LMS Regional Finals 2018,1,Worlds 2018,G-Rex
LMS Regional Finals 2018,2,-,J Team
LMS Regional Finals 2018,3,-,Hong Kong Attitude
LMS Regional Finals 2018,4,-,Machi Esports
VCS Summer 2018,1,17152.63,Phong Vũ Buffalo
VCS Summer 2018,2,8576.32,Adonis Esports
VCS Summer 2018,3,6432.24,Friends Forever QTV Gaming
VCS Summer 2018,4,5360.20,EVOS Esports
EU LCS Regional Finals 2018,1,Worlds 2018,G2 Esports
EU LCS Regional Finals 2018,2,-,FC Schalke 04 Esports
EU LCS Regional Finals 2018,3,-,Splyce
EU LCS Regional Finals 2018,4,-,Misfits Gaming
TCL Summer 2018,1,Worlds,SuperMassive eSports
TCL Summer 2018,2,-,Royal Bandits
TCL Summer 2018,3,-,1907 Fenerbahçe Esports
TCL Summer 2018,4,-,Dark Passage
CBLOL Winter 2018,1,-,KaBuM! e-Sports
CBLOL Winter 2018,2,-,Flamengo eSports
CBLOL Winter 2018,3,-,CNB e-Sports Club
CBLOL Winter 2018,4,-,Keyd Stars
LPL Regional Finals 2018,1,Worlds 2018,EDward Gaming
LPL Regional Finals 2018,2,-,Rogue Warriors
LPL Regional Finals 2018,3,-,JD Gaming
NA LCS Regional Finals 2018,1,Worlds 2018,Cloud9
NA LCS Regional Finals 2018,2,-,Team SoloMid
NA LCS Regional Finals 2018,3,-,Echo Fox
NA LCS Regional Finals 2018,4,-,Clutch Gaming
LCK Regional Finals 2018,1,Worlds 2018,Gen.G
LCK Regional Finals 2018,2,-,KING-ZONE DragonX
LCK Regional Finals 2018,3,-,Griffin
LCK Regional Finals 2018,4,-,SK Telecom T1
Final Latinoamérica Movistar 2018,1,Infinity eSports,Infinity eSports
Final Latinoamérica Movistar 2018,2,Kaos Latin Gamers,Kaos Latin Gamers
LJL Summer 2018,1,Worlds 2018,DetonatioN FocusMe
LJL Summer 2018,2,-,Unsold Stuff Gaming
LJL Summer 2018,3,-,PENTAGRAM
LJL Summer 2018,4,-,Burning Core
CLS Closing 2018,1,-,Kaos Latin Gamers
CLS Closing 2018,2,-,Rebirth eSports
CLS Closing 2018,3,-,Isurus Gaming
CLS Closing 2018,4,-,Furious Gaming
LLN Closing 2018,1,-,Infinity eSports
LLN Closing 2018,2,-,Dash9 Gaming
LLN Closing 2018,3,-,Rainbow7
LLN Closing 2018,4,-,Predators eSports
LCL Summer 2018,1,29557.23,Gambit Esports
LCL Summer 2018,2,22167.92,Dragon Army
LCL Summer 2018,3,11083.96,M19
LCL Summer 2018,4,11083.96,Team Just Alpha
CK Summer 2018,1,-,DAMWON Gaming
CK Summer 2018,2,-,Team BattleComics
CK Summer 2018,3,-,Winners
CK Summer 2018,4,-,ES Sharks
CK Summer 2018,5,-,Kongdoo Monster
OPL Split 2 2018,1,11508.64,Dire Wolves
OPL Split 2 2018,3,2877.16,Legacy Esports
OPL Split 2 2018,2,5754.32,Chiefs Esports Club
OPL Split 2 2018,4,2877.16,ORDER
NA Academy League Summer 2018,1,10000,Cloud9 Academy
NA Academy League Summer 2018,2,7000,Counter Logic Gaming Academy
NA Academy League Summer 2018,3,4000,Team Liquid Academy
NA Academy League Summer 2018,4,4000,FlyQuest Academy
Demacia Cup 2018,1,77919.65,Royal Never Give Up
Demacia Cup 2018,2,-,Bilibili Gaming
Demacia Cup 2018,3,-,Invictus Gaming
Demacia Cup 2018,4,-,EDward Gaming
Globe Conquerors Manila 2018,1,100000,Ascension Gaming
Globe Conquerors Manila 2018,2,50000,MEGA
Globe Conquerors Manila 2018,3,25000,Kuala Lumpur Hunters
Globe Conquerors Manila 2018,4,25000,Resurgence
LDL Spring Finals 2018,1,Demacia Cup 2018,TyLoo
LDL Spring Finals 2018,2,Demacia Cup 2018,ShadowCream
LDL Spring Finals 2018,3,-,SinoDragon Club
LDL Spring Finals 2018,4,-,Unlimited Potential
TCL Winter 2018,1,-,SuperMassive eSports
TCL Winter 2018,2,-,Royal Bandits
TCL Winter 2018,3,-,YouthCrew Esports
TCL Winter 2018,4,-,Team AURORA
LLN Opening 2018,1,-,Rainbow7
LLN Opening 2018,2,-,Infinity eSports
LLN Opening 2018,3,-,Gaming Gaming
LLN Opening 2018,4,-,6Sense
LJL Spring 2018,1,,PENTAGRAM
LJL Spring 2018,2,-,DetonatioN FocusMe
LJL Spring 2018,3,-,Unsold Stuff Gaming
LJL Spring 2018,4,-,V3 Esports
European Masters Spring 2018,1,49460.89,Origen
European Masters Spring 2018,2,30913.05,Illuminar Gaming
European Masters Spring 2018,3,16696.48,MAD Lions
European Masters Spring 2018,4,16696.48,GamersOrigin
CLS Opening 2018,1,35238,Kaos Latin Gamers
CLS Opening 2018,2,17619,Rebirth eSports
CLS Opening 2018,3,5873,Isurus Gaming
CLS Opening 2018,4,4111,Rebirth eSports
CBLOL Summer 2018,1,-,KaBuM! e-Sports
CBLOL Summer 2018,2,-,Keyd Stars
CBLOL Summer 2018,3,-,RED Canids
CBLOL Summer 2018,4,-,CNB e-Sports Club
CK Spring 2018,1,-,Griffin
CK Spring 2018,2,-,Ever8 Winners
CK Spring 2018,3,-,Team BattleComics
CK Spring 2018,4,-,DAMWON Gaming
CK Spring 2018,5,-,APK Prince
ECS Spring 2018,1,8548.09,Afro Beast
ECS Spring 2018,2,5128.85,17 Academy
ECS Spring 2018,3,3419.24,Kowloon Esports
ECS Spring 2018,4,-,K Special Forces
VCS Spring 2018,1,22000,EVOS Esports
VCS Spring 2018,2,8800,GIGABYTE Marines
VCS Spring 2018,3,6600,UTM Esports
VCS Spring 2018,4,5500,Young Generation
GPL Spring 2018,1,MSI 2018,Ascension Gaming
GPL Spring 2018,2,-,Kuala Lumpur Hunters
GPL Spring 2018,3,-,Mineski
GPL Spring 2018,4,-,Sovereign
LCL Spring 2018,1,37231.71,Gambit Esports
LCL Spring 2018,2,28317.07,RoX
LCL Spring 2018,3,18878.05,Team Just Alpha
LCL Spring 2018,4,10138.21,M19
OPL Split 1 2018,1,12349,Dire Wolves
OPL Split 1 2018,2,6175,Chiefs Esports Club
OPL Split 1 2018,3,3087,Legacy Esports
OPL Split 1 2018,4,3087,ORDER
V4 Future Sports Festival,1,184683.26,eSuba
V4 Future Sports Festival,2,92346.79,Illuminar Gaming
V4 Future Sports Festival,3,46173.39,Rift Esports
V4 Future Sports Festival,4,46173.39,xD
NA Academy League Spring 2018,1,10000,FlyQuest Academy
NA Academy League Spring 2018,2,7000,Echo Fox Academy
NA Academy League Spring 2018,3,4000,Team Liquid Academy
NA Academy League Spring 2018,4,4000,Cloud9 Academy
Superliga ABCDE Season 1,1,-,INTZ eSports
Superliga ABCDE Season 1,2,-,ProGaming Esports
Superliga ABCDE Season 1,3,-,Team oNe eSports
Superliga ABCDE Season 1,4,-,paiN Gaming
Demacia Championship 2017,1,76255,EDward Gaming
Demacia Championship 2017,2,45753,Snake Esports
Demacia Championship 2017,3,30502,Invictus Gaming
Demacia Championship 2017,4,30502,JD Gaming
KeSPA Cup 2017,1,36552,KT Rolster
KeSPA Cup 2017,2,18276,Longzhu Gaming
KeSPA Cup 2017,3,9138,Samsung Galaxy
KeSPA Cup 2017,4,9138,SK Telecom T1
NEST 2017,1,60371.60,Invictus Gaming
NEST 2017,2,22639.35,JD Gaming
NEST 2017,3,12074.32,LGD Gaming
NEST 2017,4,-,Snake Esports
NA LCS Regional Finals 2017,1,,Cloud9
NA LCS Regional Finals 2017,2,-,Counter Logic Gaming
NA LCS Regional Finals 2017,3,-,FlyQuest
NA LCS Regional Finals 2017,4,-,Team Dignitas
EU LCS Regional Finals 2017,1,Worlds 2017,Fnatic
EU LCS Regional Finals 2017,2,-,H2K
EU LCS Regional Finals 2017,3,-,Unicorns Of Love
EU LCS Regional Finals 2017,4,-,Splyce
LCL Summer 2017,1,26797,Gambit Esports
LCL Summer 2017,2,17864,M19
LCL Summer 2017,3,13398,Virtus.pro
LCL Summer 2017,4,13398,Team Just Alpha
LPL Regional Finals 2017,1,Worlds 2017,Team WE
LPL Regional Finals 2017,2,-,Invictus Gaming
LPL Regional Finals 2017,3,-,Oh My God
OPL Split 2 2017,1,12000,Dire Wolves
OPL Split 2 2017,2,6000,Chiefs Esports Club
OPL Split 2 2017,3,3000,Legacy Esports
OPL Split 2 2017,4,3000,Sin Gaming
CBLOL Winter 2017,1,22238,Team oNe eSports
CBLOL Winter 2017,2,12707,paiN Gaming
CBLOL Winter 2017,3,7942,INTZ eSports
CBLOL Winter 2017,4,7942,RED Canids
LCK Regional Finals 2017,1,,Samsung Galaxy
LCK Regional Finals 2017,2,-,KT Rolster
LCK Regional Finals 2017,3,-,Afreeca Freecs
LCK Regional Finals 2017,4,-,MVP
LMS Regional Finals 2017,1,,Hong Kong Attitude
LMS Regional Finals 2017,2,-,Raise Gaming
LMS Regional Finals 2017,3,-,J Team
LMS Regional Finals 2017,4,-,Machi Esports
GPL Summer 2017,1,Worlds 2017,GIGABYTE Marines
GPL Summer 2017,2,Worlds 2017,Young Generation
GPL Summer 2017,3,-,Ascension Gaming
GPL Summer 2017,4,-,Manila Eagles
LLN Closing 2017,1,-,Lyon Gaming
LLN Closing 2017,2,-,Infinity eSports
LLN Closing 2017,3,-,Just Toys Havoks
LLN Closing 2017,4,-,Predators eSports
LJL Summer 2017,1,,Rampage
LJL Summer 2017,2,-,DetonatioN FocusMe
LJL Summer 2017,3,-,7th heaven
LJL Summer 2017,4,-,Unsold Stuff Gaming
CK Summer 2017,1,17601,CJ Entus
CK Summer 2017,2,10560,Kongdoo Monster
CK Summer 2017,3,7040,APK Prince
CK Summer 2017,4,5280,Griffin
LSPL Summer 2017,1,44833,Vici Gaming
LSPL Summer 2017,2,29886,Young Miracles
LSPL Summer 2017,3,14943,Game Talents
LSPL Summer 2017,4,-,Legend Dragon
CLS Closing 2017,1,21639,Kaos Latin Gamers
CLS Closing 2017,2,10819,Isurus Gaming
CLS Closing 2017,3,5410,Furious Gaming
CLS Closing 2017,4,2705,Last Kings
TCL Summer 2017,1,-,1907 Fenerbahçe Esports
TCL Summer 2017,2,-,SuperMassive eSports
TCL Summer 2017,3,-,Crew e-Sports Club
TCL Summer 2017,4,-,Team AURORA
EU CS Summer 2017,1,13981,Giants Gaming
EU CS Summer 2017,2,13981,FC Schalke 04 Esports
EU CS Summer 2017,3,7528,Wind and Rain
EU CS Summer 2017,4,7528,Red Bulls
ECS Summer 2017,1,8265,ahq Fighter
ECS Summer 2017,2,4959,17 Academy
ECS Summer 2017,3,3306,J Team 2
ECS Summer 2017,4,-,Hong Kong Attitude Mage
NA CS Summer 2017,1,10000,Gold Coin United
NA CS Summer 2017,2,7000,eUnited
NA CS Summer 2017,3,4000,Big Gods Jackals
NA CS Summer 2017,4,4000,Tempo Storm
Demacia Cup 2017,1,72589,Royal Never Give Up
Demacia Cup 2017,2,43553,I May
Demacia Cup 2017,3,29035,Invictus Gaming
Demacia Cup 2017,4,29035,Vici Gaming
GPL Spring 2017,1,MSI 2017,GIGABYTE Marines
GPL Spring 2017,2,-,Ascension Gaming
GPL Spring 2017,3,-,Mineski
GPL Spring 2017,4,-,Kuala Lumpur Hunters
OPL Split 1 2017,1,7502,Dire Wolves
OPL Split 1 2017,2,3751,Legacy eSports
OPL Split 1 2017,3,1875,Sin Gaming
OPL Split 1 2017,4,938,Chiefs Esports Club
LLN Opening 2017,1,-,Lyon Gaming
LLN Opening 2017,2,-,Just Toys Havoks
LLN Opening 2017,3,-,Predators eSports
LLN Opening 2017,4,-,Zaga Talent Gaming
LCL Spring 2017,1,26797,Virtus.pro
LCL Spring 2017,2,17864,Vaevictis eSports
LCL Spring 2017,3,13398,Vega Squadron
LCL Spring 2017,4,13398,M19
EU CS Spring 2017,1,13981,Misfits Academy
EU CS Spring 2017,2,13981,Fnatic Academy
EU CS Spring 2017,3,7528,FC Schalke 04 Esports
EU CS Spring 2017,4,7528,Paris Saint-Germain eSports
CBLOL Summer 2017,1,22238,RED Canids
CBLOL Summer 2017,2,12707,Keyd Stars
CBLOL Summer 2017,3,7942,paiN Gaming
CBLOL Summer 2017,4,7942,INTZ eSports
IEM Season XI - Gyeonggi,1,50000,Samsung Galaxy
IEM Season XI - Gyeonggi,2,20000,Kongdoo Monster
IEM Season XI - Gyeonggi,3,10000,Team Liquid
IEM Season XI - Gyeonggi,4,10000,Immortals
IEM Season XI - Oakland,1,50000,Unicorns Of Love
IEM Season XI - Oakland,2,20000,Flash Wolves
IEM Season XI - Oakland,3,10000,Team SoloMid
IEM Season XI - Oakland,4,10000,Longzhu Gaming
KeSPA Cup 2016,1,34216,ROX Tigers
KeSPA Cup 2016,2,17108,Kongdoo Monster
KeSPA Cup 2016,3,8554,ESC Ever
KeSPA Cup 2016,4,8554,SK Telecom T1
IEM Season XI - Challenger,1,,INTZ eSports
IEM Season XI - Challenger,2,,Chiefs Esports Club
IEM Season XI - Challenger,3,-,Lyon Gaming
IEM Season XI - Challenger,4,-,Kaos Latin Gamers
IEM Season XI - Challenger,5,,Dark Passage
IEM Season XI - Challenger,6,,Vega Squadron
IEM Season XI - Challenger,7,-,Saigon Jokers
IEM Season XI - Challenger,8,-,Rampage
EU LCS Regional Finals 2016,1,Worlds 2016,Splyce
EU LCS Regional Finals 2016,2,-,Unicorns Of Love
EU LCS Regional Finals 2016,3,-,Fnatic
EU LCS Regional Finals 2016,4,-,Giants Gaming
LCK Regional Finals 2016,1,,Samsung Galaxy
LCK Regional Finals 2016,2,-,KT Rolster
LCK Regional Finals 2016,3,-,Afreeca Freecs
LCK Regional Finals 2016,4,-,Jin Air Green Wings
CLN Closing 2016,1,-,Lyon Gaming
CLN Closing 2016,2,-,Just Toys Havoks
CLN Closing 2016,3,-,Zaga Talent Gaming
CLN Closing 2016,4,-,Galactic Gamers
EU CS Summer 2016,1,10703,Misfits Gaming
EU CS Summer 2016,2,7730,Millenium
EU CS Summer 2016,3,4162,Epsilon eSports
EU CS Summer 2016,4,4162,Huma
CBLOL Winter 2016,1,4500,INTZ eSports
CBLOL Winter 2016,2,2400,CNB e-Sports Club
CBLOL Winter 2016,3,1800,paiN Gaming
CBLOL Winter 2016,4,1800,Keyd Stars
CLN Opening 2016,1,-,TBD
CLN Opening 2016,2,-,TBD
CLN Opening 2016,3,-,TBD
CLN Opening 2016,4,-,TBD
EU CS Spring 2016,1,10703,Huma
EU CS Spring 2016,2,7730,Copenhagen Wolves
EU CS Spring 2016,3,4162,Inspire eSports
EU CS Spring 2016,4,4162,Millenium
CBLOL Summer 2016,1,4218.45,INTZ eSports
CBLOL Summer 2016,2,2249.84,Keyd Stars
CBLOL Summer 2016,3,1687.38,Operation Kino
CBLOL Summer 2016,4,1687.38,KaBuM! e-Sports
IEM Season X - Cologne,1,25000,ESC Ever
IEM Season X - Cologne,2,11000,Qiao Gu Reapers
IEM Season X - Cologne,3,5000,Fnatic
IEM Season X - Cologne,4,5000,H2K
IEM Season X - San Jose,1,25000,Origen
IEM Season X - San Jose,2,11000,Counter Logic Gaming
IEM Season X - San Jose,3,5000,Team SoloMid
IEM Season X - San Jose,4,5000,Jin Air Green Wings
EU LCS Regional Finals 2015,1,Worlds 2015,Origen
EU LCS Regional Finals 2015,2,-,Unicorns Of Love
EU LCS Regional Finals 2015,3,-,Team ROCCAT
EU LCS Regional Finals 2015,4,-,Giants Gaming
KeSPA Cup 2015,1,34684.8,ESC Ever
KeSPA Cup 2015,2,17342.4,CJ Entus
KeSPA Cup 2015,3,8671.2,KT Rolster
KeSPA Cup 2015,4,8671.2,SK Telecom T1
EU CS Summer 2015,1,9599,Team Dignitas EU
EU CS Summer 2015,2,6719,mousesports
EU CS Summer 2015,3,4799,Gamers2
EU CS Summer 2015,4,2880,Denial eSports EU
CBLOL Winter 2015,1,16800,paiN Gaming
CBLOL Winter 2015,2,8400,INTZ eSports
CBLOL Winter 2015,3,5600,Keyd Stars
CBLOL Winter 2015,4,3500,g3nerationX
CBLOL Summer 2015,1,19728.6,INTZ eSports
CBLOL Summer 2015,2,9864.3,Keyd Stars
CBLOL Summer 2015,3,6576.2,paiN Gaming
CBLOL Summer 2015,4,4110.13,KaBuM! Black
EU CS Spring 2015,1,9599,Origen
EU CS Spring 2015,2,6719,Copenhagen Wolves Academy
EU CS Spring 2015,3,4799,Reason Gaming
EU CS Spring 2015,4,2880,Gamers2
IEM Season IX - World Championship,1,108414,Team SoloMid
IEM Season IX - World Championship,2,30000,Team WE
IEM Season IX - World Championship,3,15000,Flash Wolves
IEM Season IX - World Championship,4,15000,GE Tigers
IEM Season IX - Taipei,1,25000,Flash Wolves
IEM Season IX - Taipei,2,11000,Taipei Assassins
IEM Season IX - Taipei,3,5000,ahq e-Sports Club
IEM Season IX - Taipei,4,5000,Saigon Jokers
IEM Season IX - Cologne,1,12500,Gambit Gaming
IEM Season IX - Cologne,2,6500,Counter Logic Gaming
IEM Season IX - Cologne,3,3500,Team ROCCAT
IEM Season IX - Cologne,4,3500,Team Dignitas
IEM Season IX - San Jose,1,25000,Cloud9
IEM Season IX - San Jose,2,11000,Unicorns Of Love
IEM Season IX - San Jose,3,5000,Alliance
IEM Season IX - San Jose,4,5000,Team SoloMid
EU CS Summer 2014,1,16000,H2K
EU CS Summer 2014,2,10000,SK Gaming Prime
EU CS Summer 2014,3,8000,Unicorns Of Love
EU CS Summer 2014,4,3000,Ninjas in Pyjamas
Riot Brazilian Champion League 2014,1,19800,Keyd Stars
Riot Brazilian Champion League 2014,2,11000,paiN Gaming
Riot Brazilian Champion League 2014,3,5500,CNB e-Sports Club
Riot Brazilian Champion League 2014,4,3300,KaBuM! e-Sports
IEM Season IX - Shenzhen,1,3500,Team WE
IEM Season IX - Shenzhen,2,1500,EDward Gaming
IEM Season IX - Shenzhen,3,-,Oh My God
IEM Season IX - Shenzhen,4,-,Invictus Gaming
2014 Season Brazil Regional Finals,1,24200,KaBuM! e-Sports
2014 Season Brazil Regional Finals,2,11000,CNB e-Sports Club
2014 Season Brazil Regional Finals,3,4400,Keyd Stars
2014 Season Brazil Regional Finals,4,4400,paiN Gaming
EU CS Spring 2014,1,16000,Cloud9 Eclipse
EU CS Spring 2014,2,10000,Ninjas in Pyjamas
EU CS Spring 2014,3,8000,Denial eSports EU
EU CS Spring 2014,4,3000,Reason Gaming
IEM Season VIII - Sao Paulo,1,15000,Millenium
IEM Season VIII - Sao Paulo,2,6500,paiN Gaming
IEM Season VIII - Sao Paulo,3,4500,Seven Wars e-Sports
IEM Season VIII - Sao Paulo,4,4500,oceloteWorld
IEM Season VIII - Singapore,1,25000,Invictus Gaming
IEM Season VIII - Singapore,2,10000,CJ Entus Frost
IEM Season VIII - Singapore,3,5000,Taipai Snipers
IEM Season VIII - Singapore,4,5000,Saigon Jokers
IEM Season VIII - Singapore,5,10000,CGA LEGENDs
IEM Season VIII - Singapore,6,5000,Hong Kong Attitude
IEM Season VIII - Singapore,7,2500,DetonatioN FocusMe
IEM Season VIII - Singapore,8,2500,Kuala Lumpur Hunters
IEM Season VIII - Cologne,1,18500,Gambit Gaming
IEM Season VIII - Cologne,2,7500,Fnatic
IEM Season VIII - Cologne,3,5000,Cloud9
IEM Season VIII - Cologne,4,5000,Counter Logic Gaming
IEM Season VIII - Cologne,5,17000,Copenhagen Wolves
IEM Season VIII - Cologne,6,8000,Ninjas in Pyjamas
IEM Season VIII - Cologne,7,2500,TCM Gaming
IEM Season VIII - Cologne,8,2500,SK Gaming
IEM Season VIII - Shanghai,1,18000,Team WE
IEM Season VIII - Shanghai,2,8000,Invictus Gaming
IEM Season VIII - Shanghai,3,2000,Oh My God
IEM Season VIII - Shanghai,4,2000,Royal Club
Riot Brazilian Champion League 2013,1,30000,paiN Gaming
Riot Brazilian Champion League 2013,2,15000,CNB e-Sports Club
Riot Brazilian Champion League 2013,3,5000,RMA e-Sports
Riot Brazilian Champion League 2013,4,5000,Nex Impetus
IEM Season VII - Sao Paulo,1,15500,Incredible Miracle
IEM Season VII - Sao Paulo,2,8500,Anexis eSports
IEM Season VII - Sao Paulo,3,4500,Millenium
IEM Season VII - Sao Paulo,4,4500,Meet Your Makers
IEM Season VII - Katowice,1,15500,Gambit Gaming
IEM Season VII - Katowice,2,8500,Azubu Blaze
IEM Season VII - Katowice,3,4500,Fnatic
IEM Season VII - Katowice,4,4500,Azubu Frost
IEM Season VII - Singapore,1,15500,Meet Your Makers
IEM Season VII - Singapore,2,8500,Absolute Legends NA
IEM Season VII - Singapore,3,4500,Kuala Lumpur Hunters
IEM Season VII - Singapore,4,4500,itadakimasu
IEM Season VII - Cologne,1,15500,SK Telecom T1
IEM Season VII - Cologne,2,8500,Fnatic
IEM Season VII - Cologne,3,4500,Meet Your Makers
IEM Season VII - Cologne,4,4500,CJ Entus
DreamHack Winter 2012,1,18713,Fnatic
DreamHack Winter 2012,2,12725,Counter Logic Gaming Europe
DreamHack Winter 2012,3,4491,Copenhagen Wolves
DreamHack Winter 2012,4,4491,Sju Sjösjuka Sjömän
Riot Brazilian Champion League 2012,1,25000,vTi Ignis
Riot Brazilian Champion League 2012,2,12500,vTi Nox
Riot Brazilian Champion League 2012,3,7500,paiN Gaming
Riot Brazilian Champion League 2012,4,5000,Insight eSports
DreamHack Summer 2012,1,15000,Counter Logic Gaming Europe
DreamHack Summer 2012,2,10000,Moscow Five
DreamHack Summer 2012,3,5000,Team Curse Europe
DreamHack Summer 2012,4,2800,Fnatic
MLG Pro Circuit 2012 - Anaheim,1,20000,Team SoloMid
MLG Pro Circuit 2012 - Anaheim,3,5000,Team Dignitas
MLG Pro Circuit 2012 - Anaheim,2,12000,Counter Logic Gaming
MLG Pro Circuit 2012 - Anaheim,4,3000,Team Dynamic
IGN Pro League Season 4,1,25000,Team SoloMid
IGN Pro League Season 4,2,12500,Counter Logic Gaming
IGN Pro League Season 4,3,5000,Team Dignitas
IGN Pro League Season 4,4,2500,Monomaniac eSports
IEM Season VI - Kiev,1,12000,Moscow Five
IEM Season VI - Kiev,2,6000,Team SoloMid
IEM Season VI - Kiev,3,3400,Team Dignitas
IEM Season VI - Kiev,4,2400,SK Gaming
IEM Season VI - New York,1,12000,Fnatic
IEM Season VI - New York,2,6000,SK Gaming
IEM Season VI - New York,3,3400,Team Sypher
IEM Season VI - New York,4,2400,Counter Logic Gaming
IEM Season VI - Guangzhou,1,12000,Team WE
IEM Season VI - Guangzhou,2,6000,Counter Logic Gaming
IEM Season VI - Guangzhou,3,3400,SK Gaming
IEM Season VI - Guangzhou,4,2400,EHOME
IEM Season V - Hanover,1,5950,myRevenge
IEM Season V - Hanover,2,3350,against All authority
IEM Season V - Hanover,3,2450,SK Gaming
IEM Season V - Hanover,4,1750,Team Dignitas EU
IEM Season VI - Cologne,1,12000,Counter Logic Gaming
IEM Season VI - Cologne,2,6000,Team SoloMid
IEM Season VI - Cologne,3,3400,Fnatic
IEM Season VI - Cologne,4,2400,Millenium
